,epoch,n_nodes,node_join,node_join_id,node_fail,node_fail_id,search_init,resource_to_find,search_solver,jumps,how
0,0.0,0.0,0.0,0.0,0.0,0.0,,,,,
1,1.0,1.0,1.0,1929.0,0.0,0.0,1929.0,1928.0,1929.0,0.0,log
2,2.0,2.0,1.0,928.0,0.0,0.0,1929.0,1928.0,1929.0,0.0,log
3,3.0,3.0,1.0,29.0,0.0,0.0,1929.0,1928.0,1929.0,0.0,log
4,4.0,4.0,1.0,800.0,0.0,0.0,1929.0,28.0,29.0,1.0,log
5,5.0,5.0,1.0,1483.0,0.0,0.0,800.0,1482.0,1483.0,2.0,log
6,6.0,6.0,1.0,445.0,0.0,0.0,1929.0,28.0,29.0,1.0,log
7,7.0,7.0,1.0,848.0,0.0,0.0,848.0,1928.0,1929.0,3.0,log
8,8.0,8.0,1.0,94.0,0.0,0.0,928.0,93.0,94.0,2.0,log
9,9.0,8.0,0.0,0.0,0.0,0.0,800.0,927.0,928.0,2.0,log
10,10.0,8.0,1.0,76.0,1.0,94.0,800.0,799.0,800.0,0.0,log
11,11.0,9.0,1.0,1361.0,0.0,0.0,29.0,799.0,800.0,2.0,log
12,12.0,9.0,1.0,541.0,1.0,1361.0,800.0,1482.0,1483.0,2.0,log
13,13.0,9.0,0.0,0.0,0.0,0.0,848.0,1482.0,1483.0,2.0,log
14,14.0,10.0,1.0,1634.0,0.0,0.0,928.0,1928.0,1929.0,3.0,log
15,15.0,11.0,1.0,909.0,0.0,0.0,1483.0,540.0,,,not_found
16,16.0,11.0,0.0,0.0,0.0,0.0,76.0,540.0,541.0,2.0,log
17,17.0,12.0,1.0,1294.0,0.0,0.0,541.0,1633.0,1634.0,3.0,log
18,18.0,13.0,1.0,845.0,0.0,0.0,1929.0,1293.0,1294.0,3.0,log
19,19.0,13.0,1.0,457.0,1.0,845.0,29.0,1482.0,1483.0,3.0,log
20,20.0,14.0,1.0,856.0,0.0,0.0,457.0,1293.0,1294.0,4.0,log
21,21.0,14.0,1.0,1285.0,1.0,856.0,76.0,799.0,800.0,3.0,log
22,22.0,13.0,0.0,0.0,1.0,1483.0,800.0,847.0,848.0,1.0,log
23,23.0,13.0,0.0,0.0,0.0,0.0,541.0,1928.0,1929.0,2.0,log
24,24.0,13.0,0.0,0.0,0.0,0.0,29.0,75.0,76.0,1.0,log
25,25.0,13.0,0.0,0.0,0.0,0.0,928.0,28.0,29.0,3.0,log
26,26.0,13.0,0.0,0.0,0.0,0.0,909.0,799.0,800.0,3.0,log
27,27.0,14.0,1.0,19.0,0.0,0.0,848.0,908.0,909.0,1.0,log
28,28.0,15.0,1.0,1489.0,0.0,0.0,457.0,847.0,848.0,2.0,log
29,29.0,15.0,0.0,0.0,0.0,0.0,457.0,1293.0,1294.0,2.0,log
30,30.0,16.0,1.0,293.0,0.0,0.0,1489.0,847.0,848.0,3.0,log
31,31.0,17.0,1.0,1017.0,0.0,0.0,29.0,540.0,541.0,3.0,log
32,32.0,18.0,1.0,1618.0,0.0,0.0,928.0,1293.0,1294.0,2.0,log
33,33.0,18.0,0.0,0.0,0.0,0.0,1634.0,540.0,541.0,4.0,log
34,34.0,19.0,1.0,39.0,0.0,0.0,457.0,456.0,457.0,0.0,log
35,35.0,19.0,1.0,673.0,1.0,1294.0,1017.0,1016.0,1017.0,0.0,log
36,36.0,20.0,1.0,84.0,0.0,0.0,1285.0,18.0,19.0,2.0,log
37,37.0,20.0,1.0,455.0,1.0,455.0,293.0,1016.0,1017.0,4.0,log
38,38.0,21.0,1.0,570.0,0.0,0.0,84.0,672.0,673.0,5.0,log
39,39.0,22.0,1.0,778.0,0.0,0.0,19.0,569.0,570.0,2.0,log
40,40.0,22.0,0.0,0.0,0.0,0.0,1285.0,444.0,445.0,3.0,log
41,41.0,23.0,1.0,1560.0,0.0,0.0,457.0,456.0,457.0,0.0,log
42,42.0,24.0,1.0,1036.0,0.0,0.0,29.0,847.0,848.0,3.0,log
43,43.0,24.0,1.0,1256.0,1.0,1017.0,76.0,1928.0,1929.0,4.0,log
44,44.0,24.0,0.0,0.0,0.0,0.0,84.0,75.0,76.0,6.0,log
45,45.0,24.0,0.0,0.0,0.0,0.0,76.0,1633.0,1634.0,3.0,log
46,46.0,23.0,0.0,0.0,1.0,29.0,445.0,1928.0,1929.0,4.0,log
47,47.0,24.0,1.0,747.0,0.0,0.0,778.0,1928.0,1929.0,5.0,log
48,48.0,24.0,1.0,81.0,1.0,778.0,445.0,75.0,76.0,4.0,log
49,49.0,25.0,1.0,383.0,0.0,0.0,1560.0,80.0,81.0,3.0,log
50,50.0,25.0,0.0,0.0,0.0,0.0,928.0,75.0,76.0,3.0,log
51,51.0,26.0,1.0,167.0,0.0,0.0,19.0,908.0,909.0,4.0,log
52,52.0,26.0,0.0,0.0,0.0,0.0,19.0,1284.0,1285.0,2.0,log
53,53.0,27.0,1.0,1011.0,0.0,0.0,445.0,456.0,457.0,1.0,log
54,54.0,28.0,1.0,1336.0,0.0,0.0,1011.0,83.0,84.0,0.0,log
55,55.0,29.0,1.0,821.0,0.0,0.0,19.0,38.0,39.0,0.0,log
56,56.0,28.0,0.0,0.0,1.0,1285.0,848.0,1488.0,1489.0,7.0,lin
57,57.0,28.0,0.0,0.0,0.0,0.0,848.0,456.0,457.0,3.0,log
58,58.0,28.0,0.0,0.0,0.0,0.0,848.0,820.0,821.0,3.0,log
59,59.0,29.0,1.0,1689.0,0.0,0.0,76.0,1255.0,1256.0,3.0,log
60,60.0,29.0,0.0,0.0,0.0,0.0,457.0,927.0,928.0,3.0,log
61,61.0,30.0,1.0,346.0,0.0,0.0,19.0,345.0,346.0,2.0,log
62,62.0,31.0,1.0,436.0,0.0,0.0,747.0,456.0,457.0,3.0,log
63,63.0,32.0,1.0,360.0,0.0,0.0,81.0,444.0,445.0,3.0,log
64,64.0,33.0,1.0,1152.0,0.0,0.0,346.0,847.0,848.0,4.0,log
65,65.0,34.0,1.0,139.0,0.0,0.0,167.0,456.0,457.0,3.0,log
66,66.0,34.0,1.0,471.0,1.0,360.0,346.0,1488.0,1489.0,4.0,log
67,67.0,35.0,1.0,1876.0,0.0,0.0,1560.0,847.0,848.0,4.0,log
68,68.0,36.0,1.0,1097.0,0.0,0.0,928.0,1617.0,1618.0,3.0,log
69,69.0,36.0,0.0,0.0,0.0,0.0,445.0,569.0,570.0,2.0,log
70,70.0,36.0,1.0,1300.0,1.0,471.0,570.0,1255.0,1256.0,3.0,log
71,71.0,36.0,0.0,0.0,0.0,0.0,1152.0,1617.0,1618.0,3.0,log
72,72.0,37.0,1.0,2015.0,0.0,0.0,19.0,540.0,,,not_found
73,73.0,38.0,1.0,1026.0,0.0,0.0,1256.0,382.0,383.0,0.0,log
74,74.0,38.0,0.0,0.0,0.0,0.0,909.0,1255.0,1256.0,3.0,log
75,75.0,38.0,1.0,71.0,1.0,436.0,1152.0,569.0,570.0,19.0,lin
76,76.0,37.0,0.0,0.0,1.0,848.0,928.0,456.0,457.0,5.0,log
77,77.0,37.0,1.0,196.0,1.0,673.0,1011.0,1875.0,1876.0,3.0,log
78,78.0,38.0,1.0,950.0,0.0,0.0,196.0,2014.0,2015.0,5.0,log
79,79.0,39.0,1.0,155.0,0.0,0.0,383.0,38.0,39.0,4.0,log
80,80.0,40.0,1.0,207.0,0.0,0.0,383.0,569.0,570.0,2.0,log
81,81.0,40.0,1.0,838.0,1.0,1634.0,1152.0,820.0,821.0,5.0,log
82,82.0,40.0,0.0,0.0,0.0,0.0,207.0,2014.0,2015.0,5.0,log
83,83.0,41.0,1.0,668.0,0.0,0.0,139.0,667.0,668.0,6.0,log
84,84.0,41.0,0.0,0.0,0.0,0.0,1929.0,540.0,541.0,3.0,log
85,85.0,41.0,0.0,0.0,0.0,0.0,800.0,206.0,207.0,6.0,log
86,86.0,42.0,1.0,1561.0,0.0,0.0,1560.0,456.0,457.0,4.0,log
87,87.0,42.0,1.0,1346.0,1.0,668.0,1097.0,1255.0,1256.0,2.0,log
88,88.0,43.0,1.0,1018.0,0.0,0.0,1876.0,1151.0,1152.0,3.0,log
89,89.0,42.0,0.0,0.0,1.0,1036.0,457.0,75.0,76.0,5.0,log
90,90.0,43.0,1.0,973.0,0.0,0.0,928.0,1299.0,1300.0,2.0,log
91,91.0,44.0,1.0,1264.0,0.0,0.0,1152.0,1096.0,1097.0,43.0,lin
92,92.0,43.0,0.0,0.0,1.0,1264.0,541.0,1299.0,1300.0,3.0,log
93,93.0,42.0,0.0,0.0,1.0,1256.0,457.0,70.0,71.0,4.0,log
94,94.0,43.0,1.0,617.0,0.0,0.0,71.0,799.0,800.0,3.0,log
95,95.0,44.0,1.0,934.0,0.0,0.0,1929.0,166.0,167.0,3.0,log
96,96.0,44.0,0.0,0.0,0.0,0.0,1929.0,1017.0,1018.0,4.0,log
97,97.0,45.0,1.0,1694.0,0.0,0.0,76.0,837.0,838.0,5.0,log
98,98.0,46.0,1.0,562.0,0.0,0.0,1346.0,138.0,139.0,3.0,log
99,99.0,46.0,1.0,1648.0,1.0,747.0,928.0,908.0,909.0,5.0,log
100,100.0,47.0,1.0,1438.0,0.0,0.0,346.0,138.0,139.0,7.0,log
101,101.0,47.0,0.0,0.0,0.0,0.0,457.0,820.0,821.0,2.0,log
102,102.0,48.0,1.0,563.0,0.0,0.0,346.0,1693.0,1694.0,4.0,log
103,103.0,49.0,1.0,1693.0,0.0,0.0,1336.0,1693.0,1694.0,4.0,log
104,104.0,50.0,1.0,1131.0,0.0,0.0,570.0,1345.0,1346.0,4.0,log
105,105.0,51.0,1.0,428.0,0.0,0.0,71.0,38.0,39.0,6.0,log
106,106.0,51.0,0.0,0.0,0.0,0.0,1694.0,83.0,84.0,6.0,log
107,107.0,51.0,0.0,0.0,0.0,0.0,167.0,138.0,139.0,4.0,log
108,108.0,52.0,1.0,198.0,0.0,0.0,934.0,2014.0,2015.0,4.0,log
109,109.0,51.0,0.0,0.0,1.0,207.0,445.0,1130.0,1131.0,3.0,log
110,110.0,52.0,1.0,1201.0,0.0,0.0,909.0,38.0,39.0,3.0,log
111,111.0,52.0,1.0,1343.0,1.0,1561.0,39.0,1335.0,1336.0,3.0,log
112,112.0,52.0,0.0,0.0,0.0,0.0,1026.0,1437.0,1438.0,4.0,log
113,113.0,53.0,1.0,845.0,0.0,0.0,838.0,1875.0,1876.0,6.0,log
114,114.0,52.0,0.0,0.0,1.0,541.0,821.0,616.0,617.0,50.0,lin
115,115.0,53.0,1.0,1744.0,0.0,0.0,155.0,1299.0,1300.0,4.0,log
116,116.0,54.0,1.0,651.0,0.0,0.0,428.0,837.0,838.0,3.0,log
117,117.0,55.0,1.0,661.0,0.0,0.0,1648.0,1488.0,1489.0,5.0,log
118,118.0,55.0,0.0,0.0,0.0,0.0,617.0,38.0,39.0,4.0,log
119,119.0,56.0,1.0,1958.0,0.0,0.0,71.0,616.0,617.0,4.0,log
120,120.0,56.0,0.0,0.0,0.0,0.0,428.0,1299.0,1300.0,4.0,log
121,121.0,57.0,1.0,2035.0,0.0,0.0,1694.0,562.0,563.0,4.0,log
122,122.0,58.0,1.0,1793.0,0.0,0.0,973.0,561.0,562.0,6.0,log
123,123.0,59.0,1.0,671.0,0.0,0.0,1097.0,1647.0,1648.0,2.0,log
124,124.0,60.0,1.0,1732.0,0.0,0.0,800.0,1488.0,1489.0,3.0,log
125,125.0,61.0,1.0,451.0,0.0,0.0,661.0,972.0,973.0,3.0,log
126,126.0,62.0,1.0,1950.0,0.0,0.0,167.0,1488.0,1489.0,4.0,log
127,127.0,63.0,1.0,257.0,0.0,0.0,1876.0,844.0,845.0,5.0,log
128,128.0,64.0,1.0,1877.0,0.0,0.0,39.0,195.0,196.0,2.0,log
129,129.0,65.0,1.0,728.0,0.0,0.0,428.0,2014.0,2015.0,4.0,log
130,130.0,65.0,0.0,0.0,0.0,0.0,1097.0,820.0,821.0,4.0,log
131,131.0,66.0,1.0,1476.0,0.0,0.0,1560.0,799.0,800.0,4.0,log
132,132.0,67.0,1.0,432.0,0.0,0.0,1876.0,83.0,84.0,5.0,log
133,133.0,67.0,1.0,182.0,1.0,1201.0,428.0,138.0,139.0,7.0,log
134,134.0,67.0,0.0,0.0,0.0,0.0,1336.0,1017.0,1018.0,5.0,log
135,135.0,67.0,0.0,0.0,0.0,0.0,155.0,908.0,909.0,5.0,log
136,136.0,67.0,0.0,0.0,0.0,0.0,76.0,382.0,383.0,2.0,log
137,137.0,68.0,1.0,523.0,0.0,0.0,973.0,727.0,728.0,5.0,log
138,138.0,68.0,0.0,0.0,0.0,0.0,182.0,1342.0,1343.0,3.0,log
139,139.0,69.0,1.0,620.0,0.0,0.0,928.0,1693.0,1694.0,5.0,log
140,140.0,69.0,0.0,0.0,0.0,0.0,198.0,292.0,293.0,2.0,log
141,141.0,69.0,0.0,0.0,0.0,0.0,196.0,292.0,293.0,2.0,log
142,142.0,70.0,1.0,1491.0,0.0,0.0,845.0,1437.0,1438.0,5.0,log
143,143.0,69.0,0.0,0.0,1.0,845.0,383.0,927.0,928.0,2.0,log
144,144.0,70.0,1.0,422.0,0.0,0.0,71.0,1875.0,1876.0,4.0,log
145,145.0,71.0,1.0,343.0,0.0,0.0,346.0,660.0,661.0,3.0,log
146,146.0,71.0,0.0,0.0,0.0,0.0,617.0,166.0,167.0,4.0,log
147,147.0,71.0,0.0,0.0,0.0,0.0,562.0,820.0,821.0,3.0,log
148,148.0,72.0,1.0,961.0,0.0,0.0,167.0,1731.0,1732.0,6.0,log
149,149.0,73.0,1.0,1262.0,0.0,0.0,1693.0,83.0,84.0,5.0,log
150,150.0,74.0,1.0,1823.0,0.0,0.0,343.0,444.0,445.0,5.0,log
151,151.0,74.0,1.0,1399.0,1.0,563.0,1950.0,1559.0,1560.0,5.0,log
152,152.0,75.0,1.0,323.0,0.0,0.0,76.0,1017.0,1018.0,5.0,log
153,153.0,75.0,1.0,931.0,1.0,346.0,1823.0,197.0,198.0,5.0,log
154,154.0,76.0,1.0,599.0,0.0,0.0,1300.0,70.0,71.0,5.0,log
155,155.0,76.0,1.0,153.0,1.0,950.0,196.0,1743.0,1744.0,6.0,log
156,156.0,77.0,1.0,1366.0,0.0,0.0,1026.0,1475.0,1476.0,3.0,log
157,157.0,78.0,1.0,296.0,0.0,0.0,931.0,292.0,293.0,4.0,log
158,158.0,78.0,0.0,0.0,0.0,0.0,1476.0,38.0,39.0,3.0,log
159,159.0,78.0,0.0,0.0,0.0,0.0,1618.0,1792.0,1793.0,4.0,log
160,160.0,79.0,1.0,1424.0,0.0,0.0,617.0,1688.0,1689.0,2.0,log
161,161.0,79.0,1.0,1161.0,1.0,1744.0,728.0,444.0,445.0,6.0,log
162,162.0,80.0,1.0,623.0,0.0,0.0,457.0,1559.0,1560.0,3.0,log
163,163.0,81.0,1.0,1005.0,0.0,0.0,1877.0,660.0,661.0,5.0,log
164,164.0,82.0,1.0,1414.0,0.0,0.0,928.0,1617.0,1618.0,3.0,log
165,165.0,83.0,1.0,2042.0,0.0,0.0,1343.0,38.0,39.0,4.0,log
166,166.0,84.0,1.0,1015.0,0.0,0.0,1366.0,1342.0,1343.0,5.0,log
167,167.0,84.0,1.0,854.0,1.0,961.0,1131.0,933.0,934.0,6.0,log
168,168.0,85.0,1.0,1834.0,0.0,0.0,623.0,522.0,523.0,5.0,log
169,169.0,85.0,0.0,0.0,0.0,0.0,167.0,1957.0,1958.0,5.0,log
170,170.0,84.0,0.0,0.0,1.0,76.0,1005.0,569.0,570.0,4.0,log
171,171.0,84.0,1.0,765.0,1.0,1300.0,1424.0,1559.0,1560.0,5.0,log
172,172.0,85.0,1.0,456.0,0.0,0.0,1346.0,138.0,139.0,3.0,log
173,173.0,86.0,1.0,1846.0,0.0,0.0,1876.0,1437.0,1438.0,5.0,log
174,174.0,87.0,1.0,1803.0,0.0,0.0,1823.0,181.0,182.0,3.0,log
175,175.0,88.0,1.0,1658.0,0.0,0.0,2015.0,382.0,383.0,4.0,log
176,176.0,88.0,1.0,1056.0,1.0,1803.0,139.0,1488.0,1489.0,4.0,log
177,177.0,89.0,1.0,1508.0,0.0,0.0,1476.0,598.0,599.0,6.0,log
178,178.0,90.0,1.0,2005.0,0.0,0.0,1336.0,292.0,293.0,4.0,log
179,179.0,91.0,1.0,1236.0,0.0,0.0,1950.0,670.0,671.0,5.0,log
180,180.0,92.0,1.0,1242.0,0.0,0.0,153.0,622.0,623.0,6.0,log
181,181.0,92.0,1.0,1814.0,1.0,1236.0,1011.0,322.0,323.0,5.0,log
182,182.0,92.0,0.0,0.0,0.0,0.0,623.0,616.0,617.0,6.0,log
183,183.0,92.0,0.0,0.0,0.0,0.0,196.0,450.0,451.0,4.0,log
184,184.0,93.0,1.0,585.0,0.0,0.0,457.0,2014.0,2015.0,3.0,log
185,185.0,93.0,1.0,450.0,1.0,167.0,1399.0,1014.0,1015.0,6.0,log
186,186.0,94.0,1.0,397.0,0.0,0.0,1814.0,569.0,570.0,3.0,log
187,187.0,94.0,0.0,0.0,0.0,0.0,450.0,1130.0,1131.0,5.0,log
188,188.0,95.0,1.0,1221.0,0.0,0.0,1366.0,181.0,182.0,39.0,lin
189,189.0,94.0,0.0,0.0,1.0,765.0,1438.0,1423.0,1424.0,6.0,log
190,190.0,94.0,1.0,712.0,1.0,1618.0,2005.0,421.0,422.0,5.0,log
191,191.0,95.0,1.0,1169.0,0.0,0.0,1343.0,1833.0,1834.0,4.0,log
192,192.0,96.0,1.0,542.0,0.0,0.0,1262.0,1822.0,1823.0,3.0,log
193,193.0,97.0,1.0,190.0,0.0,0.0,1131.0,1342.0,1343.0,3.0,log
194,194.0,98.0,1.0,236.0,0.0,0.0,451.0,1507.0,1508.0,4.0,log
195,195.0,99.0,1.0,1293.0,0.0,0.0,450.0,1130.0,1131.0,5.0,log
196,196.0,99.0,0.0,0.0,0.0,0.0,182.0,197.0,198.0,2.0,log
197,197.0,98.0,0.0,0.0,1.0,973.0,728.0,1160.0,1161.0,3.0,log
198,198.0,99.0,1.0,1964.0,0.0,0.0,198.0,1963.0,1964.0,6.0,log
199,199.0,99.0,0.0,0.0,0.0,0.0,523.0,1688.0,1689.0,4.0,log
200,200.0,100.0,1.0,1791.0,0.0,0.0,599.0,80.0,81.0,5.0,log
201,201.0,101.0,1.0,1967.0,0.0,0.0,1414.0,455.0,456.0,6.0,log
202,202.0,102.0,1.0,1426.0,0.0,0.0,1476.0,820.0,821.0,5.0,log
203,203.0,103.0,1.0,1952.0,0.0,0.0,728.0,2014.0,2015.0,4.0,log
204,204.0,104.0,1.0,1247.0,0.0,0.0,1015.0,1966.0,1967.0,5.0,log
205,205.0,105.0,1.0,772.0,0.0,0.0,1791.0,1010.0,1011.0,4.0,log
206,206.0,106.0,1.0,201.0,0.0,0.0,383.0,1657.0,1658.0,4.0,log
207,207.0,107.0,1.0,1385.0,0.0,0.0,457.0,933.0,934.0,5.0,log
208,208.0,107.0,0.0,0.0,0.0,0.0,1694.0,660.0,661.0,5.0,log
209,209.0,108.0,1.0,656.0,0.0,0.0,1648.0,1335.0,1336.0,5.0,log
210,210.0,108.0,0.0,0.0,0.0,0.0,198.0,1647.0,1648.0,4.0,log
211,211.0,109.0,1.0,366.0,0.0,0.0,800.0,1168.0,1169.0,5.0,log
212,212.0,109.0,0.0,0.0,0.0,0.0,1693.0,1017.0,1018.0,5.0,log
213,213.0,109.0,0.0,0.0,0.0,0.0,323.0,1096.0,1097.0,4.0,log
214,214.0,110.0,1.0,1274.0,0.0,0.0,1958.0,655.0,656.0,4.0,log
215,215.0,110.0,0.0,0.0,0.0,0.0,155.0,2034.0,2035.0,7.0,log
216,216.0,111.0,1.0,1191.0,0.0,0.0,1489.0,235.0,236.0,6.0,log
217,217.0,112.0,1.0,1682.0,0.0,0.0,1424.0,1490.0,1491.0,2.0,log
218,218.0,113.0,1.0,781.0,0.0,0.0,139.0,2004.0,2005.0,5.0,log
219,219.0,114.0,1.0,1202.0,0.0,0.0,2035.0,927.0,928.0,4.0,log
220,220.0,115.0,1.0,89.0,0.0,0.0,1560.0,1490.0,1491.0,6.0,log
221,221.0,116.0,1.0,330.0,0.0,0.0,139.0,1507.0,1508.0,4.0,log
222,222.0,117.0,1.0,429.0,0.0,0.0,1015.0,1168.0,1169.0,3.0,log
223,223.0,118.0,1.0,1354.0,0.0,0.0,1346.0,1342.0,1343.0,6.0,log
224,224.0,119.0,1.0,1231.0,0.0,0.0,1426.0,1951.0,1952.0,2.0,log
225,225.0,120.0,1.0,1879.0,0.0,0.0,428.0,181.0,182.0,5.0,log
226,226.0,121.0,1.0,388.0,0.0,0.0,931.0,1963.0,1964.0,2.0,log
227,227.0,120.0,0.0,0.0,1.0,542.0,198.0,670.0,671.0,5.0,log
228,228.0,121.0,1.0,1458.0,0.0,0.0,296.0,1822.0,1823.0,5.0,log
229,229.0,121.0,0.0,0.0,0.0,0.0,800.0,522.0,523.0,6.0,log
230,230.0,121.0,1.0,1701.0,1.0,1489.0,330.0,820.0,821.0,5.0,log
231,231.0,121.0,0.0,0.0,0.0,0.0,456.0,598.0,599.0,2.0,log
232,232.0,122.0,1.0,589.0,0.0,0.0,445.0,1928.0,1929.0,5.0,log
233,233.0,123.0,1.0,518.0,0.0,0.0,518.0,799.0,800.0,3.0,log
234,234.0,124.0,1.0,1580.0,0.0,0.0,323.0,670.0,671.0,4.0,log
235,235.0,124.0,0.0,0.0,0.0,0.0,712.0,799.0,800.0,2.0,log
236,236.0,124.0,0.0,0.0,0.0,0.0,330.0,616.0,617.0,3.0,log
237,237.0,124.0,0.0,0.0,0.0,0.0,89.0,235.0,236.0,5.0,log
238,238.0,124.0,1.0,387.0,1.0,432.0,1648.0,1475.0,1476.0,5.0,log
239,239.0,124.0,0.0,0.0,0.0,0.0,457.0,449.0,450.0,6.0,log
240,240.0,125.0,1.0,1621.0,0.0,0.0,296.0,1833.0,1834.0,5.0,log
241,241.0,125.0,0.0,0.0,0.0,0.0,397.0,322.0,323.0,7.0,log
242,242.0,126.0,1.0,1457.0,0.0,0.0,772.0,1693.0,1694.0,5.0,log
243,243.0,126.0,1.0,31.0,1.0,84.0,422.0,1335.0,1336.0,5.0,log
244,244.0,126.0,0.0,0.0,0.0,0.0,450.0,387.0,388.0,7.0,log
245,245.0,126.0,0.0,0.0,0.0,0.0,1958.0,619.0,620.0,5.0,log
246,246.0,127.0,1.0,1605.0,0.0,0.0,2005.0,1423.0,1424.0,5.0,log
247,247.0,128.0,1.0,2014.0,0.0,0.0,155.0,1457.0,1458.0,3.0,log
248,248.0,129.0,1.0,304.0,0.0,0.0,81.0,1456.0,1457.0,4.0,log
249,249.0,129.0,1.0,1711.0,1.0,1262.0,201.0,152.0,153.0,3.0,log
250,250.0,130.0,1.0,2001.0,0.0,0.0,323.0,449.0,450.0,4.0,log
251,251.0,130.0,0.0,0.0,0.0,0.0,387.0,1490.0,1491.0,4.0,log
252,252.0,129.0,0.0,0.0,1.0,1682.0,1247.0,853.0,854.0,4.0,log
253,253.0,130.0,1.0,95.0,0.0,0.0,1354.0,80.0,81.0,6.0,log
254,254.0,131.0,1.0,1031.0,0.0,0.0,1967.0,38.0,39.0,4.0,log
255,255.0,132.0,1.0,984.0,0.0,0.0,1457.0,1620.0,1621.0,2.0,log
256,256.0,133.0,1.0,1412.0,0.0,0.0,931.0,771.0,772.0,5.0,log
257,257.0,133.0,1.0,1388.0,1.0,1247.0,1414.0,1398.0,1399.0,7.0,log
258,258.0,133.0,1.0,557.0,1.0,153.0,1458.0,292.0,,,not_found
259,259.0,133.0,0.0,0.0,0.0,0.0,623.0,1620.0,1621.0,6.0,log
260,260.0,133.0,0.0,0.0,0.0,0.0,570.0,195.0,196.0,6.0,log
261,261.0,133.0,0.0,0.0,0.0,0.0,1097.0,303.0,304.0,5.0,log
262,262.0,132.0,0.0,0.0,1.0,1026.0,81.0,1437.0,1438.0,5.0,log
263,263.0,133.0,1.0,1291.0,0.0,0.0,71.0,1030.0,1031.0,64.0,lin
264,264.0,134.0,1.0,1643.0,0.0,0.0,2042.0,1951.0,1952.0,6.0,log
265,265.0,135.0,1.0,922.0,0.0,0.0,922.0,1845.0,1846.0,6.0,log
266,266.0,136.0,1.0,1436.0,0.0,0.0,323.0,1425.0,1426.0,3.0,log
267,267.0,136.0,0.0,0.0,0.0,0.0,2001.0,1030.0,1031.0,74.0,lin
268,268.0,135.0,0.0,0.0,1.0,922.0,397.0,322.0,323.0,7.0,log
269,269.0,136.0,1.0,513.0,0.0,0.0,523.0,1710.0,1711.0,4.0,log
270,270.0,136.0,0.0,0.0,0.0,0.0,1560.0,450.0,451.0,6.0,log
271,271.0,137.0,1.0,766.0,0.0,0.0,1621.0,1957.0,1958.0,4.0,log
272,272.0,137.0,0.0,0.0,0.0,0.0,589.0,619.0,620.0,2.0,log
273,273.0,138.0,1.0,1396.0,0.0,0.0,190.0,1507.0,1508.0,3.0,log
274,274.0,139.0,1.0,484.0,0.0,0.0,854.0,365.0,366.0,3.0,log
275,275.0,140.0,1.0,220.0,0.0,0.0,31.0,1813.0,1814.0,6.0,log
276,276.0,140.0,1.0,1307.0,1.0,1694.0,1336.0,428.0,429.0,5.0,log
277,277.0,141.0,1.0,2033.0,0.0,0.0,388.0,1014.0,1015.0,5.0,log
278,278.0,141.0,1.0,1048.0,1.0,1958.0,928.0,1055.0,1056.0,4.0,log
279,279.0,142.0,1.0,312.0,0.0,0.0,293.0,421.0,422.0,4.0,log
280,280.0,142.0,0.0,0.0,0.0,0.0,1621.0,421.0,422.0,5.0,log
281,281.0,142.0,0.0,0.0,0.0,0.0,1343.0,1792.0,1793.0,3.0,log
282,282.0,141.0,0.0,0.0,1.0,1648.0,139.0,70.0,71.0,6.0,log
283,283.0,141.0,0.0,0.0,0.0,0.0,293.0,138.0,139.0,5.0,log
284,284.0,141.0,1.0,1828.0,1.0,1242.0,1580.0,427.0,428.0,5.0,log
285,285.0,142.0,1.0,73.0,0.0,0.0,1202.0,1010.0,1011.0,5.0,log
286,286.0,142.0,1.0,41.0,1.0,1701.0,73.0,1190.0,1191.0,4.0,log
287,287.0,142.0,0.0,0.0,0.0,0.0,1605.0,450.0,451.0,7.0,log
288,288.0,142.0,1.0,1254.0,1.0,557.0,1950.0,584.0,,,not_found
289,289.0,142.0,0.0,0.0,0.0,0.0,1643.0,1688.0,1689.0,2.0,log
290,290.0,142.0,1.0,1130.0,1.0,388.0,1877.0,38.0,39.0,3.0,log
291,291.0,142.0,1.0,1302.0,1.0,383.0,73.0,1253.0,1254.0,79.0,lin
292,292.0,142.0,1.0,503.0,1.0,1254.0,1005.0,1047.0,1048.0,2.0,log
293,293.0,143.0,1.0,301.0,0.0,0.0,1366.0,455.0,456.0,6.0,log
294,294.0,143.0,0.0,0.0,0.0,0.0,671.0,1096.0,1097.0,3.0,log
295,295.0,144.0,1.0,1199.0,0.0,0.0,201.0,329.0,330.0,4.0,log
296,296.0,145.0,1.0,353.0,0.0,0.0,484.0,72.0,73.0,4.0,log
297,297.0,146.0,1.0,1026.0,0.0,0.0,1130.0,38.0,39.0,5.0,log
298,298.0,145.0,0.0,0.0,1.0,1131.0,1605.0,2034.0,2035.0,4.0,log
299,299.0,146.0,1.0,680.0,0.0,0.0,457.0,1004.0,1005.0,2.0,log
300,300.0,147.0,1.0,1555.0,0.0,0.0,680.0,352.0,353.0,6.0,log
301,301.0,148.0,1.0,607.0,0.0,0.0,1302.0,1290.0,1291.0,6.0,log
302,302.0,149.0,1.0,18.0,0.0,0.0,523.0,1579.0,1580.0,3.0,log
303,303.0,150.0,1.0,1966.0,0.0,0.0,1950.0,421.0,422.0,5.0,log
304,304.0,150.0,1.0,1539.0,1.0,1966.0,1711.0,219.0,220.0,4.0,log
305,305.0,151.0,1.0,150.0,0.0,0.0,1967.0,1928.0,1929.0,6.0,log
306,306.0,150.0,0.0,0.0,1.0,201.0,353.0,1151.0,1152.0,4.0,log
307,307.0,151.0,1.0,761.0,0.0,0.0,1834.0,88.0,89.0,3.0,log
308,308.0,150.0,0.0,0.0,1.0,1202.0,196.0,449.0,450.0,5.0,log
309,309.0,151.0,1.0,1835.0,0.0,0.0,1828.0,1845.0,1846.0,3.0,log
310,310.0,151.0,1.0,1777.0,1.0,1458.0,236.0,517.0,518.0,3.0,log
311,311.0,152.0,1.0,1656.0,0.0,0.0,1307.0,616.0,617.0,5.0,log
312,312.0,153.0,1.0,35.0,0.0,0.0,457.0,933.0,934.0,5.0,log
313,313.0,154.0,1.0,424.0,0.0,0.0,1929.0,72.0,73.0,4.0,log
314,314.0,155.0,1.0,1179.0,0.0,0.0,1293.0,1559.0,1560.0,2.0,log
315,315.0,156.0,1.0,1598.0,0.0,0.0,1476.0,303.0,304.0,5.0,log
316,316.0,157.0,1.0,1444.0,0.0,0.0,150.0,799.0,800.0,5.0,log
317,317.0,158.0,1.0,416.0,0.0,0.0,456.0,517.0,518.0,3.0,log
318,318.0,159.0,1.0,268.0,0.0,0.0,312.0,1642.0,1643.0,4.0,log
319,319.0,158.0,0.0,0.0,1.0,484.0,585.0,1579.0,1580.0,6.0,log
320,320.0,159.0,1.0,1242.0,0.0,0.0,428.0,619.0,620.0,4.0,log
321,321.0,159.0,0.0,0.0,0.0,0.0,1436.0,1168.0,1169.0,5.0,log
322,322.0,160.0,1.0,707.0,0.0,0.0,781.0,1335.0,1336.0,4.0,log
323,323.0,160.0,0.0,0.0,0.0,0.0,1964.0,30.0,31.0,4.0,log
324,324.0,161.0,1.0,261.0,0.0,0.0,617.0,295.0,296.0,5.0,log
325,325.0,162.0,1.0,1746.0,0.0,0.0,450.0,450.0,451.0,1.0,log
326,326.0,162.0,0.0,0.0,0.0,0.0,513.0,1178.0,1179.0,4.0,log
327,327.0,163.0,1.0,1684.0,0.0,0.0,1169.0,1928.0,1929.0,5.0,log
328,328.0,163.0,1.0,717.0,1.0,1491.0,620.0,1655.0,1656.0,6.0,log
329,329.0,164.0,1.0,1094.0,0.0,0.0,1274.0,660.0,661.0,5.0,log
330,330.0,164.0,1.0,1030.0,1.0,838.0,1030.0,138.0,139.0,5.0,log
331,331.0,164.0,0.0,0.0,0.0,0.0,772.0,598.0,599.0,6.0,log
332,332.0,164.0,1.0,586.0,1.0,1385.0,1834.0,853.0,854.0,92.0,lin
333,333.0,164.0,0.0,0.0,0.0,0.0,1879.0,195.0,196.0,4.0,log
334,334.0,164.0,0.0,0.0,0.0,0.0,1396.0,930.0,931.0,4.0,log
335,335.0,165.0,1.0,918.0,0.0,0.0,1828.0,584.0,585.0,4.0,log
336,336.0,165.0,0.0,0.0,0.0,0.0,95.0,1604.0,1605.0,6.0,log
337,337.0,166.0,1.0,2020.0,0.0,0.0,1056.0,1688.0,1689.0,4.0,log
338,338.0,167.0,1.0,1534.0,0.0,0.0,934.0,1813.0,1814.0,5.0,log
339,339.0,168.0,1.0,793.0,0.0,0.0,1152.0,1642.0,1643.0,4.0,log
340,340.0,169.0,1.0,1662.0,0.0,0.0,1662.0,1387.0,1388.0,7.0,log
341,341.0,170.0,1.0,1266.0,0.0,0.0,268.0,1306.0,1307.0,3.0,log
342,342.0,171.0,1.0,124.0,0.0,0.0,1828.0,1443.0,1444.0,6.0,log
343,343.0,172.0,1.0,528.0,0.0,0.0,1231.0,1657.0,1658.0,4.0,log
344,344.0,173.0,1.0,1349.0,0.0,0.0,2001.0,1047.0,1048.0,6.0,log
345,345.0,173.0,0.0,0.0,0.0,0.0,2042.0,522.0,523.0,3.0,log
346,346.0,174.0,1.0,85.0,0.0,0.0,1476.0,727.0,728.0,4.0,log
347,347.0,173.0,0.0,0.0,1.0,1662.0,1152.0,983.0,984.0,6.0,log
348,348.0,173.0,0.0,0.0,0.0,0.0,1876.0,1655.0,1656.0,4.0,log
349,349.0,173.0,1.0,221.0,1.0,772.0,1658.0,352.0,353.0,5.0,log
350,350.0,173.0,0.0,0.0,0.0,0.0,196.0,716.0,717.0,2.0,log
351,351.0,172.0,0.0,0.0,1.0,800.0,1011.0,1604.0,1605.0,5.0,log
352,352.0,173.0,1.0,875.0,0.0,0.0,1346.0,80.0,81.0,6.0,log
353,353.0,174.0,1.0,144.0,0.0,0.0,1814.0,585.0,586.0,4.0,log
354,354.0,175.0,1.0,267.0,0.0,0.0,366.0,1533.0,1534.0,4.0,log
355,355.0,175.0,0.0,0.0,0.0,0.0,586.0,930.0,931.0,4.0,log
356,356.0,175.0,1.0,1634.0,1.0,854.0,343.0,1692.0,1693.0,4.0,log
357,357.0,176.0,1.0,720.0,0.0,0.0,1346.0,322.0,323.0,7.0,log
358,358.0,176.0,1.0,744.0,1.0,221.0,928.0,428.0,429.0,5.0,log
359,359.0,176.0,1.0,420.0,1.0,1580.0,1152.0,1688.0,1689.0,2.0,log
360,360.0,176.0,0.0,0.0,0.0,0.0,2005.0,311.0,312.0,5.0,log
361,361.0,177.0,1.0,402.0,0.0,0.0,429.0,1435.0,1436.0,6.0,log
362,362.0,177.0,0.0,0.0,0.0,0.0,793.0,1683.0,1684.0,5.0,log
363,363.0,177.0,0.0,0.0,0.0,0.0,1031.0,88.0,89.0,3.0,log
364,364.0,177.0,0.0,0.0,0.0,0.0,1534.0,1437.0,1438.0,6.0,log
365,365.0,178.0,1.0,1172.0,0.0,0.0,1746.0,1776.0,1777.0,1.0,log
366,366.0,178.0,0.0,0.0,0.0,0.0,1879.0,606.0,607.0,3.0,log
367,367.0,179.0,1.0,327.0,0.0,0.0,918.0,1683.0,1684.0,7.0,log
368,368.0,179.0,0.0,0.0,0.0,0.0,586.0,2041.0,2042.0,6.0,log
369,369.0,180.0,1.0,271.0,0.0,0.0,304.0,1710.0,1711.0,5.0,log
370,370.0,181.0,1.0,949.0,0.0,0.0,220.0,303.0,304.0,3.0,log
371,371.0,180.0,0.0,0.0,1.0,1534.0,528.0,1093.0,1094.0,3.0,log
372,372.0,181.0,1.0,1543.0,0.0,0.0,139.0,456.0,457.0,5.0,log
373,373.0,182.0,1.0,179.0,0.0,0.0,81.0,34.0,35.0,6.0,log
374,374.0,182.0,0.0,0.0,0.0,0.0,271.0,792.0,793.0,6.0,log
375,375.0,183.0,1.0,1818.0,0.0,0.0,1689.0,1004.0,1005.0,4.0,log
376,376.0,184.0,1.0,1178.0,0.0,0.0,1791.0,455.0,456.0,4.0,log
377,377.0,184.0,0.0,0.0,0.0,0.0,1221.0,2013.0,2014.0,3.0,log
378,378.0,185.0,1.0,256.0,0.0,0.0,1048.0,40.0,41.0,3.0,log
379,379.0,184.0,0.0,0.0,1.0,1823.0,1876.0,1928.0,1929.0,2.0,log
380,380.0,184.0,1.0,1884.0,1.0,1952.0,1444.0,303.0,304.0,7.0,log
381,381.0,185.0,1.0,1612.0,0.0,0.0,1560.0,178.0,179.0,5.0,log
382,382.0,186.0,1.0,1044.0,0.0,0.0,1031.0,256.0,257.0,6.0,log
383,383.0,187.0,1.0,497.0,0.0,0.0,451.0,386.0,387.0,6.0,log
384,384.0,188.0,1.0,588.0,0.0,0.0,984.0,588.0,589.0,7.0,log
385,385.0,188.0,0.0,0.0,0.0,0.0,71.0,650.0,651.0,4.0,log
386,386.0,188.0,0.0,0.0,0.0,0.0,1828.0,386.0,387.0,3.0,log
387,387.0,189.0,1.0,1465.0,0.0,0.0,1539.0,1014.0,1015.0,7.0,log
388,388.0,188.0,0.0,0.0,1.0,1414.0,1366.0,587.0,588.0,6.0,log
389,389.0,189.0,1.0,201.0,0.0,0.0,327.0,1834.0,1835.0,7.0,log
390,390.0,190.0,1.0,1373.0,0.0,0.0,1005.0,619.0,620.0,7.0,log
391,391.0,191.0,1.0,235.0,0.0,0.0,518.0,270.0,271.0,9.0,log
392,392.0,192.0,1.0,54.0,0.0,0.0,1746.0,40.0,41.0,4.0,log
393,393.0,192.0,1.0,83.0,1.0,257.0,2042.0,1845.0,1846.0,6.0,log
394,394.0,192.0,0.0,0.0,0.0,0.0,1879.0,82.0,83.0,5.0,log
395,395.0,193.0,1.0,957.0,0.0,0.0,81.0,588.0,589.0,7.0,log
396,396.0,192.0,0.0,0.0,1.0,179.0,1438.0,1387.0,1388.0,6.0,log
397,397.0,192.0,1.0,363.0,1.0,821.0,1199.0,149.0,150.0,6.0,log
398,398.0,193.0,1.0,1382.0,0.0,0.0,1656.0,94.0,95.0,6.0,log
399,399.0,194.0,1.0,1779.0,0.0,0.0,1179.0,765.0,766.0,5.0,log
400,400.0,194.0,1.0,1936.0,1.0,256.0,761.0,1043.0,1044.0,5.0,log
401,401.0,195.0,1.0,631.0,0.0,0.0,1621.0,930.0,931.0,5.0,log
402,402.0,195.0,0.0,0.0,0.0,0.0,85.0,1387.0,1388.0,6.0,log
403,403.0,195.0,1.0,223.0,1.0,1302.0,182.0,930.0,931.0,5.0,log
404,404.0,196.0,1.0,1845.0,0.0,0.0,875.0,189.0,190.0,0.0,log
405,405.0,197.0,1.0,1862.0,0.0,0.0,523.0,1633.0,1634.0,3.0,log
406,406.0,197.0,0.0,0.0,0.0,0.0,589.0,711.0,712.0,3.0,log
407,407.0,198.0,1.0,873.0,0.0,0.0,450.0,295.0,296.0,5.0,log
408,408.0,199.0,1.0,731.0,0.0,0.0,41.0,927.0,928.0,5.0,log
409,409.0,199.0,1.0,1715.0,1.0,182.0,450.0,2014.0,2015.0,4.0,log
410,410.0,199.0,0.0,0.0,0.0,0.0,2001.0,326.0,327.0,5.0,log
411,411.0,200.0,1.0,749.0,0.0,0.0,95.0,1538.0,1539.0,5.0,log
412,412.0,201.0,1.0,1128.0,0.0,0.0,1791.0,1127.0,1128.0,5.0,log
413,413.0,201.0,0.0,0.0,0.0,0.0,1373.0,30.0,31.0,4.0,log
414,414.0,202.0,1.0,769.0,0.0,0.0,1605.0,650.0,651.0,4.0,log
415,415.0,202.0,0.0,0.0,0.0,0.0,957.0,40.0,41.0,5.0,log
416,416.0,203.0,1.0,1146.0,0.0,0.0,1399.0,1290.0,1291.0,6.0,log
417,417.0,204.0,1.0,348.0,0.0,0.0,599.0,1145.0,1146.0,2.0,log
418,418.0,204.0,1.0,284.0,1.0,1828.0,1382.0,311.0,312.0,6.0,log
419,419.0,205.0,1.0,1105.0,0.0,0.0,1307.0,1372.0,1373.0,3.0,log
420,420.0,206.0,1.0,224.0,0.0,0.0,220.0,311.0,312.0,4.0,log
421,421.0,206.0,0.0,0.0,0.0,0.0,1388.0,1949.0,1950.0,3.0,log
422,422.0,206.0,0.0,0.0,0.0,0.0,931.0,1861.0,1862.0,5.0,log
423,423.0,207.0,1.0,828.0,0.0,0.0,934.0,1306.0,1307.0,35.0,lin
424,424.0,208.0,1.0,1198.0,0.0,0.0,1457.0,1220.0,1221.0,6.0,log
425,425.0,208.0,0.0,0.0,0.0,0.0,1950.0,1055.0,1056.0,5.0,log
426,426.0,209.0,1.0,1730.0,0.0,0.0,155.0,1290.0,1291.0,4.0,log
427,427.0,210.0,1.0,748.0,0.0,0.0,429.0,415.0,416.0,9.0,log
428,428.0,211.0,1.0,149.0,0.0,0.0,1396.0,711.0,712.0,4.0,log
429,429.0,212.0,1.0,1620.0,0.0,0.0,293.0,1198.0,1199.0,7.0,log
430,430.0,213.0,1.0,255.0,0.0,0.0,931.0,706.0,707.0,7.0,log
431,431.0,214.0,1.0,839.0,0.0,0.0,1274.0,235.0,236.0,6.0,log
432,432.0,214.0,1.0,1409.0,1.0,562.0,1130.0,1177.0,1178.0,3.0,log
433,433.0,214.0,1.0,389.0,1.0,255.0,1605.0,1817.0,1818.0,3.0,log
434,434.0,215.0,1.0,694.0,0.0,0.0,793.0,780.0,781.0,8.0,log
435,435.0,215.0,0.0,0.0,0.0,0.0,717.0,1542.0,1543.0,4.0,log
436,436.0,215.0,1.0,400.0,1.0,748.0,1349.0,197.0,198.0,6.0,log
437,437.0,216.0,1.0,1258.0,0.0,0.0,712.0,948.0,949.0,5.0,log
438,438.0,217.0,1.0,1468.0,0.0,0.0,1191.0,449.0,450.0,6.0,log
439,439.0,218.0,1.0,180.0,0.0,0.0,934.0,496.0,497.0,6.0,log
440,440.0,219.0,1.0,1149.0,0.0,0.0,180.0,219.0,220.0,4.0,log
441,441.0,219.0,1.0,1623.0,1.0,54.0,201.0,933.0,934.0,6.0,log
442,442.0,220.0,1.0,882.0,0.0,0.0,445.0,874.0,875.0,4.0,log
443,443.0,221.0,1.0,282.0,0.0,0.0,1555.0,1443.0,1444.0,7.0,log
444,444.0,220.0,0.0,0.0,1.0,570.0,882.0,1257.0,1258.0,4.0,log
445,445.0,220.0,0.0,0.0,0.0,0.0,1693.0,1093.0,1094.0,4.0,log
446,446.0,221.0,1.0,1734.0,0.0,0.0,389.0,149.0,150.0,5.0,log
447,447.0,222.0,1.0,1882.0,0.0,0.0,1438.0,2014.0,2015.0,3.0,log
448,448.0,222.0,0.0,0.0,0.0,0.0,236.0,1817.0,1818.0,4.0,log
449,449.0,223.0,1.0,1849.0,0.0,0.0,1179.0,329.0,330.0,5.0,log
450,450.0,224.0,1.0,1277.0,0.0,0.0,1191.0,1467.0,1468.0,3.0,log
451,451.0,225.0,1.0,1881.0,0.0,0.0,1293.0,908.0,909.0,5.0,log
452,452.0,226.0,1.0,290.0,0.0,0.0,296.0,2004.0,2005.0,4.0,log
453,453.0,227.0,1.0,1298.0,0.0,0.0,1018.0,82.0,83.0,4.0,log
454,454.0,228.0,1.0,868.0,0.0,0.0,1539.0,266.0,267.0,5.0,log
455,455.0,229.0,1.0,1657.0,0.0,0.0,1191.0,388.0,389.0,4.0,log
456,456.0,230.0,1.0,1796.0,0.0,0.0,1882.0,149.0,150.0,4.0,log
457,457.0,230.0,1.0,1471.0,1.0,397.0,1044.0,917.0,918.0,3.0,log
458,458.0,231.0,1.0,870.0,0.0,0.0,201.0,352.0,353.0,3.0,log
459,459.0,232.0,1.0,710.0,0.0,0.0,1929.0,1470.0,1471.0,6.0,log
460,460.0,232.0,1.0,1434.0,1.0,710.0,1777.0,1935.0,1936.0,2.0,log
461,461.0,233.0,1.0,217.0,0.0,0.0,1277.0,450.0,451.0,6.0,log
462,462.0,233.0,0.0,0.0,0.0,0.0,429.0,423.0,424.0,8.0,log
463,463.0,234.0,1.0,1624.0,0.0,0.0,949.0,1437.0,1438.0,6.0,log
464,464.0,235.0,1.0,197.0,0.0,0.0,781.0,235.0,236.0,7.0,log
465,465.0,235.0,0.0,0.0,0.0,0.0,1412.0,399.0,400.0,2.0,log
466,466.0,236.0,1.0,158.0,0.0,0.0,984.0,292.0,293.0,4.0,log
467,467.0,237.0,1.0,534.0,0.0,0.0,217.0,1030.0,1031.0,5.0,log
468,468.0,237.0,0.0,0.0,0.0,0.0,1849.0,1817.0,1818.0,6.0,log
469,469.0,237.0,1.0,1339.0,1.0,1598.0,1791.0,1292.0,1293.0,3.0,log
470,470.0,237.0,0.0,0.0,0.0,0.0,1555.0,449.0,450.0,5.0,log
471,471.0,237.0,0.0,0.0,0.0,0.0,1964.0,838.0,839.0,4.0,log
472,472.0,237.0,0.0,0.0,0.0,0.0,928.0,123.0,124.0,5.0,log
473,473.0,238.0,1.0,1143.0,0.0,0.0,429.0,1241.0,1242.0,4.0,log
474,474.0,239.0,1.0,812.0,0.0,0.0,389.0,216.0,217.0,7.0,log
475,475.0,240.0,1.0,247.0,0.0,0.0,868.0,533.0,534.0,4.0,log
476,476.0,241.0,1.0,810.0,0.0,0.0,1508.0,1845.0,1846.0,3.0,log
477,477.0,241.0,1.0,722.0,1.0,1779.0,744.0,329.0,330.0,4.0,log
478,478.0,242.0,1.0,194.0,0.0,0.0,1152.0,419.0,420.0,4.0,log
479,479.0,242.0,1.0,468.0,1.0,323.0,957.0,1148.0,1149.0,4.0,log
480,480.0,243.0,1.0,467.0,0.0,0.0,534.0,809.0,810.0,5.0,log
481,481.0,243.0,0.0,0.0,0.0,0.0,2020.0,2019.0,2020.0,0.0,log
482,482.0,244.0,1.0,1512.0,0.0,0.0,85.0,1043.0,1044.0,7.0,log
483,483.0,244.0,0.0,0.0,0.0,0.0,1105.0,246.0,247.0,5.0,log
484,484.0,245.0,1.0,263.0,0.0,0.0,1242.0,34.0,35.0,5.0,log
485,485.0,246.0,1.0,1363.0,0.0,0.0,19.0,70.0,71.0,4.0,log
486,486.0,247.0,1.0,1192.0,0.0,0.0,870.0,1292.0,1293.0,4.0,log
487,487.0,248.0,1.0,1648.0,0.0,0.0,81.0,585.0,586.0,4.0,log
488,488.0,248.0,0.0,0.0,0.0,0.0,712.0,419.0,420.0,5.0,log
489,489.0,249.0,1.0,1347.0,0.0,0.0,1658.0,38.0,39.0,4.0,log
490,490.0,248.0,0.0,0.0,1.0,1876.0,1539.0,362.0,363.0,5.0,log
491,491.0,249.0,1.0,697.0,0.0,0.0,402.0,1511.0,1512.0,3.0,log
492,492.0,250.0,1.0,685.0,0.0,0.0,707.0,1017.0,1018.0,4.0,log
493,493.0,250.0,0.0,0.0,0.0,0.0,1777.0,1880.0,1881.0,4.0,log
494,494.0,251.0,1.0,40.0,0.0,0.0,503.0,300.0,301.0,6.0,log
495,495.0,252.0,1.0,493.0,0.0,0.0,1732.0,927.0,928.0,5.0,log
496,496.0,253.0,1.0,507.0,0.0,0.0,89.0,1198.0,1199.0,4.0,log
497,497.0,254.0,1.0,1569.0,0.0,0.0,1734.0,300.0,301.0,7.0,log
498,498.0,255.0,1.0,1275.0,0.0,0.0,1258.0,650.0,651.0,4.0,log
499,499.0,254.0,0.0,0.0,1.0,1298.0,1199.0,811.0,812.0,6.0,log
500,500.0,254.0,1.0,630.0,1.0,2033.0,507.0,421.0,422.0,7.0,log
501,501.0,255.0,1.0,715.0,0.0,0.0,1862.0,1230.0,1231.0,6.0,log
502,502.0,256.0,1.0,396.0,0.0,0.0,387.0,270.0,271.0,6.0,log
503,503.0,257.0,1.0,1080.0,0.0,0.0,1791.0,1559.0,1560.0,4.0,log
504,504.0,257.0,0.0,0.0,0.0,0.0,353.0,1464.0,1465.0,3.0,log
505,505.0,258.0,1.0,1956.0,0.0,0.0,348.0,1878.0,1879.0,6.0,log
506,506.0,259.0,1.0,1850.0,0.0,0.0,712.0,933.0,934.0,5.0,log
507,507.0,259.0,0.0,0.0,0.0,0.0,1850.0,419.0,420.0,6.0,log
508,508.0,260.0,1.0,1761.0,0.0,0.0,1388.0,616.0,617.0,5.0,log
509,509.0,261.0,1.0,1721.0,0.0,0.0,271.0,1348.0,1349.0,4.0,log
510,510.0,262.0,1.0,1074.0,0.0,0.0,651.0,630.0,631.0,7.0,log
511,511.0,263.0,1.0,1177.0,0.0,0.0,363.0,1353.0,1354.0,7.0,log
512,512.0,263.0,0.0,0.0,0.0,0.0,1177.0,743.0,744.0,7.0,log
513,513.0,263.0,0.0,0.0,0.0,0.0,1199.0,1346.0,1347.0,3.0,log
514,514.0,263.0,0.0,0.0,0.0,0.0,717.0,730.0,731.0,2.0,log
515,515.0,264.0,1.0,380.0,0.0,0.0,1434.0,1198.0,1199.0,5.0,log
516,516.0,264.0,0.0,0.0,0.0,0.0,697.0,1655.0,1656.0,5.0,log
517,517.0,263.0,0.0,0.0,1.0,1539.0,1468.0,1306.0,1307.0,238.0,lin
518,518.0,264.0,1.0,359.0,0.0,0.0,1508.0,1955.0,1956.0,4.0,log
519,519.0,263.0,0.0,0.0,1.0,1845.0,400.0,1656.0,1657.0,5.0,log
520,520.0,263.0,0.0,0.0,0.0,0.0,451.0,1171.0,1172.0,5.0,log
521,521.0,263.0,0.0,0.0,0.0,0.0,198.0,1848.0,1849.0,5.0,log
522,522.0,264.0,1.0,2022.0,0.0,0.0,839.0,1191.0,1192.0,6.0,log
523,523.0,264.0,1.0,1381.0,1.0,1198.0,1936.0,1464.0,1465.0,4.0,log
524,524.0,264.0,0.0,0.0,0.0,0.0,1044.0,138.0,139.0,4.0,log
525,525.0,265.0,1.0,1709.0,0.0,0.0,1793.0,1848.0,1849.0,3.0,log
526,526.0,266.0,1.0,1287.0,0.0,0.0,1862.0,655.0,656.0,4.0,log
527,527.0,267.0,1.0,1823.0,0.0,0.0,744.0,1647.0,1648.0,6.0,log
528,528.0,268.0,1.0,1416.0,0.0,0.0,149.0,1362.0,1363.0,7.0,log
529,529.0,267.0,0.0,0.0,1.0,1307.0,1293.0,650.0,651.0,5.0,log
530,530.0,267.0,1.0,1415.0,1.0,534.0,1266.0,881.0,882.0,7.0,log
531,531.0,267.0,0.0,0.0,0.0,0.0,2020.0,386.0,387.0,4.0,log
532,532.0,267.0,0.0,0.0,0.0,0.0,1862.0,768.0,769.0,6.0,log
533,533.0,268.0,1.0,1009.0,0.0,0.0,1396.0,598.0,599.0,5.0,log
534,534.0,269.0,1.0,908.0,0.0,0.0,343.0,1878.0,1879.0,7.0,log
535,535.0,269.0,0.0,0.0,0.0,0.0,1026.0,629.0,630.0,2.0,log
536,536.0,270.0,1.0,1667.0,0.0,0.0,1373.0,679.0,680.0,5.0,log
537,537.0,271.0,1.0,982.0,0.0,0.0,1929.0,1017.0,1018.0,5.0,log
538,538.0,271.0,1.0,1668.0,1.0,1877.0,1791.0,502.0,503.0,6.0,log
539,539.0,272.0,1.0,726.0,0.0,0.0,1097.0,1096.0,1097.0,0.0,log
540,540.0,273.0,1.0,181.0,0.0,0.0,201.0,1381.0,1382.0,4.0,log
541,541.0,274.0,1.0,1764.0,0.0,0.0,1964.0,1963.0,1964.0,0.0,log
542,542.0,274.0,0.0,0.0,0.0,0.0,908.0,1220.0,1221.0,5.0,log
543,543.0,274.0,0.0,0.0,0.0,0.0,761.0,1178.0,1179.0,4.0,log
544,544.0,275.0,1.0,1859.0,0.0,0.0,1764.0,930.0,931.0,6.0,log
545,545.0,276.0,1.0,346.0,0.0,0.0,268.0,1241.0,1242.0,6.0,log
546,546.0,276.0,0.0,0.0,0.0,0.0,1850.0,189.0,190.0,5.0,log
547,547.0,276.0,0.0,0.0,0.0,0.0,1711.0,84.0,85.0,5.0,log
548,548.0,277.0,1.0,710.0,0.0,0.0,1457.0,1148.0,1149.0,6.0,log
549,549.0,276.0,0.0,0.0,1.0,196.0,870.0,1928.0,1929.0,7.0,log
550,550.0,276.0,0.0,0.0,0.0,0.0,715.0,1362.0,1363.0,4.0,log
551,551.0,277.0,1.0,1391.0,0.0,0.0,623.0,670.0,671.0,3.0,log
552,552.0,278.0,1.0,1330.0,0.0,0.0,1143.0,1763.0,1764.0,4.0,log
553,553.0,278.0,0.0,0.0,0.0,0.0,1412.0,138.0,139.0,5.0,log
554,554.0,278.0,0.0,0.0,0.0,0.0,1030.0,197.0,198.0,5.0,log
555,555.0,279.0,1.0,1917.0,0.0,0.0,1381.0,721.0,722.0,6.0,log
556,556.0,279.0,0.0,0.0,0.0,0.0,1149.0,352.0,353.0,5.0,log
557,557.0,279.0,1.0,142.0,1.0,1734.0,1424.0,522.0,523.0,6.0,log
558,558.0,279.0,0.0,0.0,0.0,0.0,671.0,1292.0,1293.0,4.0,log
559,559.0,280.0,1.0,1918.0,0.0,0.0,457.0,450.0,451.0,8.0,log
560,560.0,281.0,1.0,995.0,0.0,0.0,599.0,270.0,271.0,7.0,log
561,561.0,282.0,1.0,1676.0,0.0,0.0,348.0,1928.0,1929.0,4.0,log
562,562.0,283.0,1.0,676.0,0.0,0.0,1287.0,2041.0,2042.0,5.0,log
563,563.0,283.0,0.0,0.0,0.0,0.0,528.0,716.0,717.0,6.0,log
564,564.0,284.0,1.0,132.0,0.0,0.0,1457.0,1604.0,1605.0,4.0,log
565,565.0,284.0,0.0,0.0,0.0,0.0,1457.0,1335.0,1336.0,6.0,log
566,566.0,285.0,1.0,1754.0,0.0,0.0,2014.0,388.0,389.0,4.0,log
567,567.0,286.0,1.0,1735.0,0.0,0.0,928.0,311.0,312.0,7.0,log
568,568.0,287.0,1.0,280.0,0.0,0.0,1277.0,650.0,651.0,7.0,log
569,569.0,288.0,1.0,1935.0,0.0,0.0,1074.0,933.0,934.0,7.0,log
570,570.0,289.0,1.0,478.0,0.0,0.0,1231.0,606.0,607.0,5.0,log
571,571.0,290.0,1.0,1000.0,0.0,0.0,1814.0,1559.0,1560.0,6.0,log
572,572.0,290.0,0.0,0.0,0.0,0.0,132.0,1619.0,1620.0,6.0,log
573,573.0,290.0,0.0,0.0,0.0,0.0,1457.0,711.0,712.0,4.0,log
574,574.0,291.0,1.0,1807.0,0.0,0.0,717.0,1160.0,1161.0,5.0,log
575,575.0,292.0,1.0,687.0,0.0,0.0,1105.0,326.0,327.0,6.0,log
576,576.0,293.0,1.0,47.0,0.0,0.0,1612.0,1265.0,1266.0,5.0,log
577,577.0,293.0,1.0,1647.0,1.0,720.0,1543.0,2014.0,2015.0,5.0,log
578,578.0,292.0,0.0,0.0,1.0,1018.0,1935.0,1345.0,1346.0,6.0,log
579,579.0,293.0,1.0,1593.0,0.0,0.0,268.0,716.0,717.0,6.0,log
580,580.0,293.0,0.0,0.0,0.0,0.0,1834.0,1345.0,1346.0,5.0,log
581,581.0,293.0,1.0,2047.0,1.0,348.0,81.0,311.0,312.0,5.0,log
582,582.0,294.0,1.0,1249.0,0.0,0.0,528.0,1763.0,1764.0,5.0,log
583,583.0,295.0,1.0,1856.0,0.0,0.0,450.0,1398.0,1399.0,6.0,log
584,584.0,295.0,0.0,0.0,0.0,0.0,1676.0,1688.0,1689.0,2.0,log
585,585.0,296.0,1.0,1122.0,0.0,0.0,1178.0,143.0,144.0,7.0,log
586,586.0,297.0,1.0,1615.0,0.0,0.0,1647.0,908.0,909.0,4.0,log
587,587.0,298.0,1.0,141.0,0.0,0.0,882.0,283.0,284.0,6.0,log
588,588.0,299.0,1.0,1025.0,0.0,0.0,429.0,279.0,280.0,6.0,log
589,589.0,299.0,0.0,0.0,0.0,0.0,585.0,1025.0,1026.0,4.0,log
590,590.0,300.0,1.0,1335.0,0.0,0.0,1249.0,395.0,396.0,5.0,log
591,591.0,301.0,1.0,1759.0,0.0,0.0,722.0,1390.0,1391.0,5.0,log
592,592.0,302.0,1.0,1004.0,0.0,0.0,296.0,1411.0,1412.0,4.0,log
593,593.0,303.0,1.0,917.0,0.0,0.0,722.0,1241.0,1242.0,6.0,log
594,594.0,303.0,1.0,439.0,1.0,528.0,1818.0,1220.0,1221.0,6.0,log
595,595.0,304.0,1.0,7.0,0.0,0.0,1426.0,606.0,607.0,4.0,log
596,596.0,305.0,1.0,118.0,0.0,0.0,346.0,1511.0,1512.0,3.0,log
597,597.0,306.0,1.0,603.0,0.0,0.0,380.0,1398.0,1399.0,5.0,log
598,598.0,307.0,1.0,384.0,0.0,0.0,1130.0,1623.0,1624.0,6.0,log
599,599.0,307.0,0.0,0.0,0.0,0.0,149.0,1004.0,1005.0,7.0,log
600,600.0,308.0,1.0,419.0,0.0,0.0,268.0,143.0,144.0,9.0,log
601,601.0,309.0,1.0,703.0,0.0,0.0,1258.0,1917.0,1918.0,3.0,log
602,602.0,310.0,1.0,1331.0,0.0,0.0,396.0,1880.0,1881.0,5.0,log
603,603.0,311.0,1.0,1400.0,0.0,0.0,810.0,326.0,327.0,4.0,log
604,604.0,312.0,1.0,1618.0,0.0,0.0,1918.0,1043.0,1044.0,5.0,log
605,605.0,313.0,1.0,2008.0,0.0,0.0,1711.0,6.0,7.0,4.0,log
606,606.0,314.0,1.0,529.0,0.0,0.0,1623.0,266.0,267.0,5.0,log
607,607.0,315.0,1.0,1165.0,0.0,0.0,661.0,838.0,839.0,3.0,log
608,608.0,316.0,1.0,851.0,0.0,0.0,1620.0,1935.0,1936.0,4.0,log
609,609.0,317.0,1.0,435.0,0.0,0.0,1656.0,872.0,873.0,5.0,log
610,610.0,318.0,1.0,1898.0,0.0,0.0,1730.0,1855.0,1856.0,4.0,log
611,611.0,319.0,1.0,1490.0,0.0,0.0,89.0,1168.0,1169.0,4.0,log
612,612.0,319.0,1.0,1196.0,1.0,1612.0,603.0,679.0,680.0,4.0,log
613,613.0,320.0,1.0,1045.0,0.0,0.0,346.0,434.0,435.0,5.0,log
614,614.0,320.0,0.0,0.0,0.0,0.0,1555.0,1955.0,1956.0,3.0,log
615,615.0,320.0,1.0,1491.0,1.0,934.0,623.0,999.0,1000.0,5.0,log
616,616.0,319.0,0.0,0.0,1.0,680.0,1807.0,455.0,456.0,6.0,log
617,617.0,319.0,1.0,305.0,1.0,1967.0,280.0,1795.0,1796.0,6.0,log
618,618.0,318.0,0.0,0.0,1.0,1444.0,917.0,283.0,284.0,7.0,log
619,619.0,319.0,1.0,34.0,0.0,0.0,1004.0,622.0,623.0,6.0,log
620,620.0,320.0,1.0,1519.0,0.0,0.0,1005.0,1148.0,1149.0,3.0,log
621,621.0,321.0,1.0,867.0,0.0,0.0,353.0,930.0,931.0,4.0,log
622,622.0,321.0,1.0,8.0,1.0,73.0,697.0,730.0,731.0,4.0,log
623,623.0,322.0,1.0,203.0,0.0,0.0,631.0,1399.0,1400.0,3.0,log
624,624.0,322.0,0.0,0.0,0.0,0.0,1277.0,1191.0,1192.0,6.0,log
625,625.0,322.0,0.0,0.0,0.0,0.0,1242.0,1121.0,1122.0,7.0,log
626,626.0,322.0,0.0,0.0,0.0,0.0,1030.0,1667.0,1668.0,5.0,log
627,627.0,322.0,0.0,0.0,0.0,0.0,327.0,956.0,957.0,4.0,log
628,628.0,323.0,1.0,809.0,0.0,0.0,1330.0,352.0,353.0,3.0,log
629,629.0,323.0,1.0,379.0,1.0,1569.0,984.0,1646.0,1647.0,3.0,log
630,630.0,324.0,1.0,1747.0,0.0,0.0,384.0,1195.0,1196.0,5.0,log
631,631.0,324.0,0.0,0.0,0.0,0.0,503.0,141.0,142.0,5.0,log
632,632.0,325.0,1.0,1233.0,0.0,0.0,1436.0,496.0,497.0,3.0,log
633,633.0,325.0,0.0,0.0,0.0,0.0,1835.0,1714.0,1715.0,8.0,log
634,634.0,326.0,1.0,733.0,0.0,0.0,1605.0,1518.0,1519.0,7.0,log
635,635.0,327.0,1.0,153.0,0.0,0.0,710.0,1806.0,1807.0,5.0,log
636,636.0,328.0,1.0,226.0,0.0,0.0,957.0,234.0,235.0,6.0,log
637,637.0,329.0,1.0,350.0,0.0,0.0,1045.0,444.0,445.0,6.0,log
638,638.0,329.0,1.0,602.0,1.0,39.0,1490.0,428.0,429.0,7.0,log
639,639.0,329.0,1.0,1109.0,1.0,1412.0,839.0,82.0,83.0,6.0,log
640,640.0,329.0,0.0,0.0,0.0,0.0,201.0,18.0,19.0,6.0,log
641,641.0,329.0,1.0,1766.0,1.0,623.0,1735.0,1043.0,1044.0,5.0,log
642,642.0,330.0,1.0,1963.0,0.0,0.0,1777.0,721.0,722.0,7.0,log
643,643.0,331.0,1.0,1351.0,0.0,0.0,731.0,1604.0,1605.0,4.0,log
644,644.0,332.0,1.0,530.0,0.0,0.0,1416.0,401.0,402.0,3.0,log
645,645.0,333.0,1.0,1803.0,0.0,0.0,1048.0,1108.0,1109.0,4.0,log
646,646.0,332.0,0.0,0.0,1.0,1331.0,445.0,1096.0,1097.0,3.0,log
647,647.0,332.0,0.0,0.0,0.0,0.0,2001.0,1813.0,1814.0,6.0,log
648,648.0,333.0,1.0,1878.0,0.0,0.0,1382.0,1861.0,1862.0,6.0,log
649,649.0,334.0,1.0,1665.0,0.0,0.0,422.0,981.0,982.0,3.0,log
650,650.0,334.0,0.0,0.0,0.0,0.0,1648.0,1763.0,1764.0,5.0,log
651,651.0,335.0,1.0,1043.0,0.0,0.0,949.0,266.0,267.0,5.0,log
652,652.0,336.0,1.0,638.0,0.0,0.0,1336.0,477.0,478.0,5.0,log
653,653.0,337.0,1.0,84.0,0.0,0.0,8.0,709.0,710.0,6.0,log
654,654.0,338.0,1.0,519.0,0.0,0.0,793.0,365.0,366.0,5.0,log
655,655.0,338.0,0.0,0.0,0.0,0.0,1043.0,598.0,599.0,4.0,log
656,656.0,337.0,0.0,0.0,1.0,1818.0,1689.0,1731.0,1732.0,3.0,log
657,657.0,337.0,1.0,615.0,1.0,731.0,1850.0,702.0,703.0,7.0,log
658,658.0,336.0,0.0,0.0,1.0,631.0,620.0,994.0,995.0,5.0,log
659,659.0,337.0,1.0,218.0,0.0,0.0,518.0,629.0,630.0,4.0,log
660,660.0,338.0,1.0,563.0,0.0,0.0,766.0,444.0,445.0,6.0,log
661,661.0,339.0,1.0,1591.0,0.0,0.0,1199.0,1790.0,1791.0,3.0,log
662,662.0,340.0,1.0,1449.0,0.0,0.0,588.0,292.0,293.0,6.0,log
663,663.0,341.0,1.0,1686.0,0.0,0.0,1026.0,1604.0,1605.0,3.0,log
664,664.0,340.0,0.0,0.0,1.0,694.0,1560.0,1542.0,1543.0,8.0,log
665,665.0,340.0,1.0,413.0,1.0,420.0,1834.0,222.0,223.0,5.0,log
666,666.0,341.0,1.0,1822.0,0.0,0.0,284.0,80.0,81.0,4.0,log
667,667.0,342.0,1.0,1833.0,0.0,0.0,1593.0,598.0,599.0,3.0,log
668,668.0,342.0,1.0,1962.0,1.0,1266.0,1161.0,869.0,870.0,7.0,log
669,669.0,343.0,1.0,320.0,0.0,0.0,1396.0,88.0,89.0,6.0,log
670,670.0,344.0,1.0,186.0,0.0,0.0,828.0,1079.0,1080.0,4.0,log
671,671.0,345.0,1.0,1428.0,0.0,0.0,1656.0,619.0,620.0,6.0,log
672,672.0,346.0,1.0,1570.0,0.0,0.0,1754.0,148.0,149.0,6.0,log
673,673.0,347.0,1.0,1876.0,0.0,0.0,1179.0,1148.0,1149.0,8.0,log
674,674.0,347.0,0.0,0.0,0.0,0.0,124.0,1845.0,1846.0,7.0,log
675,675.0,347.0,0.0,0.0,0.0,0.0,493.0,660.0,661.0,4.0,log
676,676.0,347.0,0.0,0.0,0.0,0.0,1834.0,994.0,995.0,5.0,log
677,677.0,348.0,1.0,1182.0,0.0,0.0,793.0,850.0,851.0,3.0,log
678,678.0,349.0,1.0,1528.0,0.0,0.0,909.0,1710.0,1711.0,4.0,log
679,679.0,350.0,1.0,1902.0,0.0,0.0,518.0,379.0,380.0,7.0,log
680,680.0,350.0,0.0,0.0,0.0,0.0,1363.0,1617.0,1618.0,6.0,log
681,681.0,350.0,1.0,1054.0,1.0,676.0,468.0,1464.0,1465.0,6.0,log
682,682.0,349.0,0.0,0.0,1.0,1196.0,155.0,1855.0,1856.0,6.0,log
683,683.0,349.0,0.0,0.0,0.0,0.0,217.0,477.0,478.0,6.0,log
684,684.0,349.0,0.0,0.0,0.0,0.0,703.0,1415.0,1416.0,4.0,log
685,685.0,349.0,1.0,619.0,1.0,118.0,402.0,792.0,793.0,5.0,log
686,686.0,350.0,1.0,73.0,0.0,0.0,1693.0,517.0,518.0,5.0,log
687,687.0,351.0,1.0,62.0,0.0,0.0,1822.0,1335.0,1336.0,4.0,log
688,688.0,351.0,1.0,1609.0,1.0,1822.0,828.0,365.0,366.0,5.0,log
689,689.0,352.0,1.0,471.0,0.0,0.0,180.0,1164.0,1165.0,5.0,log
690,690.0,352.0,0.0,0.0,0.0,0.0,810.0,1897.0,1898.0,4.0,log
691,691.0,352.0,0.0,0.0,0.0,0.0,149.0,808.0,809.0,3.0,log
692,692.0,352.0,0.0,0.0,0.0,0.0,35.0,1620.0,1621.0,5.0,log
693,693.0,353.0,1.0,1828.0,0.0,0.0,41.0,866.0,867.0,4.0,log
694,694.0,353.0,0.0,0.0,0.0,0.0,186.0,383.0,384.0,5.0,log
695,695.0,353.0,1.0,536.0,1.0,1846.0,180.0,418.0,419.0,5.0,log
696,696.0,354.0,1.0,1725.0,0.0,0.0,1105.0,1004.0,1005.0,6.0,log
697,697.0,355.0,1.0,1827.0,0.0,0.0,1094.0,1623.0,1624.0,4.0,log
698,698.0,355.0,1.0,1439.0,1.0,984.0,1339.0,423.0,424.0,5.0,log
699,699.0,356.0,1.0,1899.0,0.0,0.0,247.0,40.0,41.0,6.0,log
700,700.0,357.0,1.0,307.0,0.0,0.0,620.0,709.0,710.0,4.0,log
701,701.0,356.0,0.0,0.0,1.0,2008.0,290.0,869.0,870.0,5.0,log
702,702.0,357.0,1.0,1819.0,0.0,0.0,2020.0,867.0,868.0,5.0,log
703,703.0,357.0,1.0,1450.0,1.0,536.0,186.0,869.0,870.0,5.0,log
704,704.0,357.0,0.0,0.0,0.0,0.0,1929.0,1414.0,1415.0,7.0,log
705,705.0,358.0,1.0,1206.0,0.0,0.0,617.0,1205.0,1206.0,3.0,log
706,706.0,359.0,1.0,1503.0,0.0,0.0,1777.0,1408.0,1409.0,8.0,log
707,707.0,359.0,0.0,0.0,0.0,0.0,284.0,496.0,497.0,4.0,log
708,708.0,360.0,1.0,225.0,0.0,0.0,1287.0,1490.0,1491.0,3.0,log
709,709.0,361.0,1.0,888.0,0.0,0.0,1428.0,670.0,671.0,6.0,log
710,710.0,361.0,0.0,0.0,0.0,0.0,1287.0,149.0,150.0,4.0,log
711,711.0,361.0,0.0,0.0,0.0,0.0,1647.0,1656.0,1657.0,2.0,log
712,712.0,362.0,1.0,1853.0,0.0,0.0,1043.0,1164.0,1165.0,4.0,log
713,713.0,362.0,1.0,1246.0,1.0,839.0,1620.0,1622.0,1623.0,2.0,log
714,714.0,362.0,0.0,0.0,0.0,0.0,1668.0,1024.0,1025.0,5.0,log
715,715.0,361.0,0.0,0.0,1.0,1658.0,1054.0,1121.0,1122.0,4.0,log
716,716.0,362.0,1.0,1499.0,0.0,0.0,749.0,1350.0,1351.0,5.0,log
717,717.0,363.0,1.0,184.0,0.0,0.0,1918.0,1827.0,1828.0,7.0,log
718,718.0,364.0,1.0,1880.0,0.0,0.0,343.0,917.0,918.0,4.0,log
719,719.0,364.0,0.0,0.0,0.0,0.0,1165.0,319.0,320.0,5.0,log
720,720.0,363.0,0.0,0.0,1.0,722.0,602.0,1398.0,1399.0,5.0,log
721,721.0,364.0,1.0,1435.0,0.0,0.0,928.0,1168.0,1169.0,5.0,log
722,722.0,365.0,1.0,1089.0,0.0,0.0,217.0,428.0,429.0,5.0,log
723,723.0,365.0,1.0,1588.0,1.0,1409.0,218.0,185.0,186.0,7.0,log
724,724.0,365.0,0.0,0.0,0.0,0.0,1793.0,200.0,201.0,6.0,log
725,725.0,366.0,1.0,755.0,0.0,0.0,1457.0,1365.0,1366.0,7.0,log
726,726.0,367.0,1.0,405.0,0.0,0.0,445.0,365.0,366.0,6.0,log
727,727.0,367.0,0.0,0.0,0.0,0.0,359.0,82.0,83.0,6.0,log
728,728.0,367.0,0.0,0.0,0.0,0.0,1335.0,1667.0,1668.0,5.0,log
729,729.0,368.0,1.0,738.0,0.0,0.0,513.0,1901.0,1902.0,6.0,log
730,730.0,369.0,1.0,1568.0,0.0,0.0,155.0,619.0,620.0,6.0,log
731,731.0,370.0,1.0,337.0,0.0,0.0,1725.0,2004.0,2005.0,3.0,log
732,732.0,371.0,1.0,1558.0,0.0,0.0,158.0,1381.0,1382.0,5.0,log
733,733.0,371.0,0.0,0.0,0.0,0.0,651.0,881.0,882.0,5.0,log
734,734.0,370.0,0.0,0.0,1.0,1849.0,2015.0,1129.0,1130.0,3.0,log
735,735.0,371.0,1.0,1219.0,0.0,0.0,1005.0,655.0,656.0,5.0,log
736,736.0,372.0,1.0,178.0,0.0,0.0,153.0,1834.0,1835.0,7.0,log
737,737.0,372.0,0.0,0.0,0.0,0.0,1647.0,629.0,630.0,8.0,log
738,738.0,373.0,1.0,385.0,0.0,0.0,909.0,1004.0,1005.0,4.0,log
739,739.0,374.0,1.0,391.0,0.0,0.0,1615.0,1292.0,1293.0,5.0,log
740,740.0,375.0,1.0,2017.0,0.0,0.0,1807.0,1055.0,1056.0,3.0,log
741,741.0,376.0,1.0,1914.0,0.0,0.0,1918.0,1518.0,1519.0,6.0,log
742,742.0,377.0,1.0,204.0,0.0,0.0,503.0,1490.0,1491.0,5.0,log
743,743.0,377.0,0.0,0.0,0.0,0.0,1045.0,1790.0,1791.0,6.0,log
744,744.0,377.0,0.0,0.0,0.0,0.0,1242.0,1655.0,1656.0,6.0,log
745,745.0,378.0,1.0,1103.0,0.0,0.0,1146.0,732.0,733.0,6.0,log
746,746.0,378.0,1.0,1176.0,1.0,1089.0,1351.0,1928.0,1929.0,4.0,log
747,747.0,378.0,0.0,0.0,0.0,0.0,1146.0,1438.0,1439.0,4.0,log
748,748.0,378.0,1.0,1505.0,1.0,1439.0,1182.0,1604.0,1605.0,6.0,log
749,749.0,379.0,1.0,1029.0,0.0,0.0,918.0,428.0,429.0,5.0,log
750,750.0,380.0,1.0,1089.0,0.0,0.0,1665.0,760.0,761.0,5.0,log
751,751.0,380.0,1.0,598.0,1.0,413.0,598.0,234.0,235.0,7.0,log
752,752.0,380.0,0.0,0.0,0.0,0.0,41.0,1127.0,1128.0,4.0,log
753,753.0,381.0,1.0,479.0,0.0,0.0,1725.0,1434.0,1435.0,6.0,log
754,754.0,381.0,1.0,1013.0,1.0,1715.0,1293.0,1518.0,1519.0,5.0,log
755,755.0,381.0,0.0,0.0,0.0,0.0,1428.0,1710.0,1711.0,3.0,log
756,756.0,382.0,1.0,260.0,0.0,0.0,1499.0,311.0,312.0,5.0,log
757,757.0,382.0,0.0,0.0,0.0,0.0,671.0,1646.0,1647.0,6.0,log
758,758.0,382.0,1.0,388.0,1.0,1668.0,1657.0,1177.0,1178.0,5.0,log
759,759.0,382.0,1.0,1658.0,1.0,1424.0,1591.0,154.0,155.0,5.0,log
760,760.0,383.0,1.0,852.0,0.0,0.0,1000.0,1961.0,1962.0,6.0,log
761,761.0,382.0,0.0,0.0,1.0,744.0,388.0,70.0,71.0,5.0,log
762,762.0,383.0,1.0,540.0,0.0,0.0,1570.0,1917.0,1918.0,5.0,log
763,763.0,384.0,1.0,1452.0,0.0,0.0,1436.0,714.0,715.0,5.0,log
764,764.0,385.0,1.0,134.0,0.0,0.0,153.0,80.0,81.0,7.0,log
765,765.0,386.0,1.0,1908.0,0.0,0.0,630.0,660.0,661.0,3.0,log
766,766.0,387.0,1.0,369.0,0.0,0.0,529.0,1399.0,1400.0,5.0,log
767,767.0,388.0,1.0,1516.0,0.0,0.0,1588.0,1587.0,1588.0,0.0,log
768,768.0,389.0,1.0,1677.0,0.0,0.0,1031.0,217.0,218.0,5.0,log
769,769.0,389.0,1.0,965.0,1.0,519.0,1876.0,1542.0,1543.0,5.0,log
770,770.0,390.0,1.0,673.0,0.0,0.0,1330.0,2016.0,2017.0,5.0,log
771,771.0,391.0,1.0,1175.0,0.0,0.0,225.0,427.0,428.0,4.0,log
772,772.0,392.0,1.0,1228.0,0.0,0.0,851.0,418.0,419.0,4.0,log
773,773.0,393.0,1.0,1682.0,0.0,0.0,149.0,2019.0,2020.0,6.0,log
774,774.0,394.0,1.0,269.0,0.0,0.0,1647.0,1181.0,1182.0,6.0,log
775,775.0,394.0,0.0,0.0,0.0,0.0,1512.0,1955.0,1956.0,4.0,log
776,776.0,394.0,0.0,0.0,0.0,0.0,263.0,1647.0,1648.0,6.0,log
777,777.0,395.0,1.0,212.0,0.0,0.0,529.0,1806.0,1807.0,6.0,log
778,778.0,394.0,0.0,0.0,1.0,965.0,1199.0,456.0,457.0,5.0,log
779,779.0,394.0,0.0,0.0,0.0,0.0,1452.0,267.0,268.0,6.0,log
780,780.0,394.0,1.0,433.0,1.0,1391.0,1363.0,1010.0,1011.0,6.0,log
781,781.0,395.0,1.0,1187.0,0.0,0.0,305.0,601.0,602.0,4.0,log
782,782.0,395.0,0.0,0.0,0.0,0.0,1415.0,1587.0,1588.0,5.0,log
783,783.0,395.0,1.0,4.0,1.0,1349.0,1761.0,1142.0,1143.0,5.0,log
784,784.0,396.0,1.0,1556.0,0.0,0.0,1766.0,1527.0,1528.0,8.0,log
785,785.0,397.0,1.0,542.0,0.0,0.0,1508.0,768.0,769.0,4.0,log
786,786.0,397.0,1.0,1459.0,1.0,870.0,1879.0,1559.0,1560.0,6.0,log
787,787.0,398.0,1.0,1633.0,0.0,0.0,1725.0,46.0,47.0,6.0,log
788,788.0,399.0,1.0,625.0,0.0,0.0,728.0,539.0,540.0,7.0,log
789,789.0,399.0,0.0,0.0,0.0,0.0,85.0,881.0,882.0,4.0,log
790,790.0,400.0,1.0,1224.0,0.0,0.0,1777.0,1055.0,1056.0,5.0,log
791,791.0,400.0,1.0,675.0,1.0,1399.0,363.0,1490.0,1491.0,4.0,log
792,792.0,401.0,1.0,740.0,0.0,0.0,247.0,34.0,35.0,6.0,log
793,793.0,401.0,0.0,0.0,0.0,0.0,89.0,466.0,467.0,6.0,log
794,794.0,401.0,1.0,1272.0,1.0,1593.0,1876.0,1171.0,1172.0,6.0,log
795,795.0,401.0,1.0,313.0,1.0,181.0,1048.0,1205.0,1206.0,4.0,log
796,796.0,401.0,1.0,944.0,1.0,85.0,851.0,40.0,41.0,5.0,log
797,797.0,400.0,0.0,0.0,1.0,1568.0,1956.0,216.0,217.0,3.0,log
798,798.0,399.0,0.0,0.0,1.0,1735.0,158.0,1507.0,1508.0,5.0,log
799,799.0,400.0,1.0,208.0,0.0,0.0,1884.0,34.0,35.0,4.0,log
800,800.0,400.0,1.0,664.0,1.0,1591.0,1242.0,702.0,703.0,7.0,log
801,801.0,401.0,1.0,1694.0,0.0,0.0,218.0,1646.0,1647.0,5.0,log
802,802.0,402.0,1.0,76.0,0.0,0.0,429.0,1542.0,1543.0,3.0,log
803,803.0,403.0,1.0,2009.0,0.0,0.0,388.0,1745.0,,,not_found
804,804.0,404.0,1.0,901.0,0.0,0.0,715.0,1276.0,1277.0,5.0,log
805,805.0,405.0,1.0,919.0,0.0,0.0,467.0,1223.0,1224.0,6.0,log
806,806.0,406.0,1.0,1874.0,0.0,0.0,301.0,1916.0,1917.0,4.0,log
807,807.0,406.0,1.0,1021.0,1.0,1249.0,468.0,1010.0,1011.0,4.0,log
808,808.0,406.0,0.0,0.0,0.0,0.0,1373.0,143.0,144.0,5.0,log
809,809.0,406.0,1.0,1839.0,1.0,1835.0,828.0,502.0,503.0,6.0,log
810,810.0,407.0,1.0,858.0,0.0,0.0,1169.0,82.0,83.0,6.0,log
811,811.0,408.0,1.0,1087.0,0.0,0.0,95.0,467.0,468.0,5.0,log
812,812.0,409.0,1.0,1927.0,0.0,0.0,144.0,428.0,429.0,5.0,log
813,813.0,409.0,0.0,0.0,0.0,0.0,268.0,1415.0,1416.0,5.0,log
814,814.0,410.0,1.0,1521.0,0.0,0.0,194.0,148.0,149.0,8.0,log
815,815.0,411.0,1.0,487.0,0.0,0.0,1428.0,246.0,247.0,6.0,log
816,816.0,412.0,1.0,989.0,0.0,0.0,2042.0,1963.0,1964.0,9.0,log
817,817.0,413.0,1.0,1405.0,0.0,0.0,928.0,202.0,203.0,6.0,log
818,818.0,413.0,0.0,0.0,0.0,0.0,1366.0,616.0,617.0,4.0,log
819,819.0,413.0,0.0,0.0,0.0,0.0,226.0,1044.0,1045.0,6.0,log
820,820.0,413.0,0.0,0.0,0.0,0.0,2042.0,1647.0,1648.0,6.0,log
821,821.0,414.0,1.0,1805.0,0.0,0.0,1373.0,601.0,602.0,7.0,log
822,822.0,414.0,1.0,553.0,1.0,225.0,1505.0,262.0,263.0,5.0,log
823,823.0,414.0,0.0,0.0,0.0,0.0,687.0,149.0,150.0,5.0,log
824,824.0,415.0,1.0,854.0,0.0,0.0,540.0,1656.0,1657.0,4.0,log
825,825.0,416.0,1.0,1279.0,0.0,0.0,1191.0,1096.0,1097.0,7.0,log
826,826.0,416.0,1.0,808.0,1.0,1450.0,1435.0,149.0,150.0,6.0,log
827,827.0,417.0,1.0,1185.0,0.0,0.0,1000.0,1108.0,1109.0,5.0,log
828,828.0,417.0,1.0,1845.0,1.0,1373.0,1754.0,1184.0,1185.0,7.0,log
829,829.0,418.0,1.0,640.0,0.0,0.0,497.0,200.0,201.0,6.0,log
830,830.0,419.0,1.0,1399.0,0.0,0.0,1185.0,17.0,18.0,7.0,log
831,831.0,420.0,1.0,1312.0,0.0,0.0,1623.0,133.0,134.0,4.0,log
832,832.0,420.0,1.0,2034.0,1.0,76.0,471.0,887.0,888.0,5.0,log
833,833.0,419.0,0.0,0.0,1.0,247.0,1029.0,1127.0,1128.0,3.0,log
834,834.0,419.0,0.0,0.0,0.0,0.0,2015.0,196.0,197.0,4.0,log
835,835.0,419.0,1.0,1939.0,1.0,41.0,1122.0,83.0,84.0,7.0,log
836,836.0,419.0,0.0,0.0,0.0,0.0,391.0,1489.0,1490.0,5.0,log
837,837.0,420.0,1.0,1016.0,0.0,0.0,1149.0,1622.0,1623.0,7.0,log
838,838.0,421.0,1.0,618.0,0.0,0.0,2020.0,352.0,353.0,6.0,log
839,839.0,422.0,1.0,1424.0,0.0,0.0,707.0,388.0,389.0,8.0,log
840,840.0,423.0,1.0,1742.0,0.0,0.0,1465.0,203.0,204.0,7.0,log
841,841.0,424.0,1.0,676.0,0.0,0.0,769.0,268.0,269.0,4.0,log
842,842.0,425.0,1.0,1358.0,0.0,0.0,217.0,7.0,8.0,6.0,log
843,843.0,424.0,0.0,0.0,1.0,236.0,599.0,1329.0,1330.0,5.0,log
844,844.0,425.0,1.0,816.0,0.0,0.0,1761.0,1880.0,1881.0,5.0,log
845,845.0,426.0,1.0,1041.0,0.0,0.0,919.0,1955.0,1956.0,2.0,log
846,846.0,427.0,1.0,1322.0,0.0,0.0,153.0,131.0,132.0,7.0,log
847,847.0,428.0,1.0,1641.0,0.0,0.0,989.0,1273.0,1274.0,3.0,log
848,848.0,428.0,0.0,0.0,0.0,0.0,19.0,1555.0,1556.0,3.0,log
849,849.0,428.0,1.0,1738.0,1.0,1149.0,1693.0,378.0,379.0,5.0,log
850,850.0,428.0,0.0,0.0,0.0,0.0,1087.0,1271.0,1272.0,3.0,log
851,851.0,429.0,1.0,238.0,0.0,0.0,1689.0,706.0,707.0,3.0,log
852,852.0,430.0,1.0,1352.0,0.0,0.0,1416.0,1688.0,1689.0,4.0,log
853,853.0,430.0,0.0,0.0,0.0,0.0,405.0,1399.0,1400.0,7.0,log
854,854.0,430.0,1.0,500.0,1.0,220.0,218.0,1873.0,1874.0,6.0,log
855,855.0,431.0,1.0,853.0,0.0,0.0,1618.0,981.0,982.0,5.0,log
856,856.0,431.0,1.0,11.0,1.0,1025.0,1853.0,1724.0,1725.0,6.0,log
857,857.0,431.0,0.0,0.0,0.0,0.0,868.0,2014.0,2015.0,6.0,log
858,858.0,431.0,0.0,0.0,0.0,0.0,715.0,399.0,400.0,7.0,log
859,859.0,432.0,1.0,397.0,0.0,0.0,1080.0,1475.0,1476.0,4.0,log
860,860.0,433.0,1.0,1028.0,0.0,0.0,204.0,234.0,235.0,5.0,log
861,861.0,433.0,0.0,0.0,0.0,0.0,1109.0,1804.0,1805.0,5.0,log
862,862.0,434.0,1.0,248.0,0.0,0.0,1279.0,1622.0,1623.0,6.0,log
863,863.0,434.0,1.0,1522.0,1.0,989.0,1805.0,399.0,400.0,3.0,log
864,864.0,434.0,0.0,0.0,0.0,0.0,212.0,345.0,346.0,2.0,log
865,865.0,435.0,1.0,1441.0,0.0,0.0,1044.0,1271.0,1272.0,4.0,log
866,866.0,436.0,1.0,113.0,0.0,0.0,1233.0,1745.0,1746.0,7.0,log
867,867.0,437.0,1.0,872.0,0.0,0.0,71.0,637.0,638.0,5.0,log
868,868.0,438.0,1.0,1401.0,0.0,0.0,261.0,1806.0,1807.0,4.0,log
869,869.0,439.0,1.0,798.0,0.0,0.0,1043.0,1554.0,1555.0,6.0,log
870,870.0,439.0,0.0,0.0,0.0,0.0,1105.0,268.0,269.0,6.0,log
871,871.0,440.0,1.0,825.0,0.0,0.0,1508.0,792.0,793.0,4.0,log
872,872.0,441.0,1.0,577.0,0.0,0.0,307.0,1527.0,1528.0,7.0,log
873,873.0,442.0,1.0,1167.0,0.0,0.0,586.0,1102.0,1103.0,6.0,log
874,874.0,443.0,1.0,509.0,0.0,0.0,260.0,907.0,908.0,5.0,log
875,875.0,443.0,0.0,0.0,0.0,0.0,901.0,1656.0,1657.0,6.0,log
876,876.0,442.0,0.0,0.0,1.0,673.0,385.0,660.0,661.0,3.0,log
877,877.0,443.0,1.0,679.0,0.0,0.0,908.0,916.0,917.0,2.0,log
878,878.0,443.0,0.0,0.0,0.0,0.0,11.0,797.0,798.0,4.0,log
879,879.0,443.0,0.0,0.0,0.0,0.0,1793.0,1729.0,1730.0,7.0,log
880,880.0,442.0,0.0,0.0,1.0,197.0,1026.0,866.0,867.0,6.0,log
881,881.0,443.0,1.0,913.0,0.0,0.0,1950.0,792.0,793.0,5.0,log
882,882.0,444.0,1.0,1027.0,0.0,0.0,1689.0,470.0,471.0,6.0,log
883,883.0,445.0,1.0,2024.0,0.0,0.0,1746.0,456.0,457.0,6.0,log
884,884.0,446.0,1.0,52.0,0.0,0.0,1521.0,1088.0,1089.0,5.0,log
885,885.0,447.0,1.0,990.0,0.0,0.0,261.0,486.0,487.0,5.0,log
886,886.0,448.0,1.0,1112.0,0.0,0.0,1503.0,496.0,497.0,4.0,log
887,887.0,447.0,0.0,0.0,1.0,84.0,1656.0,866.0,867.0,5.0,log
888,888.0,447.0,0.0,0.0,0.0,0.0,919.0,1178.0,1179.0,4.0,log
889,889.0,448.0,1.0,1818.0,0.0,0.0,400.0,1025.0,1026.0,5.0,log
890,890.0,448.0,0.0,0.0,0.0,0.0,1221.0,368.0,369.0,6.0,log
891,891.0,449.0,1.0,557.0,0.0,0.0,400.0,1458.0,1459.0,3.0,log
892,892.0,450.0,1.0,525.0,0.0,0.0,1287.0,1175.0,1176.0,6.0,log
893,893.0,451.0,1.0,512.0,0.0,0.0,769.0,345.0,346.0,5.0,log
894,894.0,452.0,1.0,46.0,0.0,0.0,1219.0,1833.0,1834.0,5.0,log
895,895.0,453.0,1.0,243.0,0.0,0.0,603.0,133.0,134.0,4.0,log
896,896.0,453.0,1.0,1442.0,1.0,588.0,271.0,1334.0,1335.0,3.0,log
897,897.0,452.0,0.0,0.0,1.0,201.0,1044.0,1521.0,1522.0,5.0,log
898,898.0,453.0,1.0,1698.0,0.0,0.0,1182.0,470.0,471.0,6.0,log
899,899.0,453.0,0.0,0.0,0.0,0.0,825.0,1741.0,1742.0,4.0,log
900,900.0,453.0,0.0,0.0,0.0,0.0,350.0,1433.0,1434.0,5.0,log
901,901.0,453.0,1.0,713.0,1.0,1004.0,749.0,601.0,602.0,8.0,log
902,902.0,453.0,1.0,817.0,1.0,327.0,11.0,149.0,150.0,3.0,log
903,903.0,454.0,1.0,455.0,0.0,0.0,542.0,1433.0,1434.0,7.0,log
904,904.0,455.0,1.0,1101.0,0.0,0.0,740.0,1955.0,1956.0,5.0,log
905,905.0,456.0,1.0,524.0,0.0,0.0,1336.0,1688.0,1689.0,5.0,log
906,906.0,457.0,1.0,209.0,0.0,0.0,150.0,1963.0,1964.0,6.0,log
907,907.0,458.0,1.0,1483.0,0.0,0.0,825.0,1515.0,1516.0,5.0,log
908,908.0,458.0,1.0,1969.0,1.0,35.0,1182.0,1040.0,1041.0,7.0,log
909,909.0,459.0,1.0,1815.0,0.0,0.0,2035.0,506.0,507.0,3.0,log
910,910.0,459.0,1.0,6.0,1.0,149.0,1676.0,1729.0,1730.0,3.0,log
911,911.0,460.0,1.0,830.0,0.0,0.0,1521.0,2014.0,2015.0,6.0,log
912,912.0,461.0,1.0,1872.0,0.0,0.0,625.0,1350.0,1351.0,6.0,log
913,913.0,461.0,1.0,74.0,1.0,1366.0,2035.0,450.0,451.0,5.0,log
914,914.0,462.0,1.0,1371.0,0.0,0.0,679.0,1708.0,1709.0,7.0,log
915,915.0,463.0,1.0,991.0,0.0,0.0,235.0,1521.0,1522.0,7.0,log
916,916.0,463.0,0.0,0.0,0.0,0.0,1233.0,1875.0,1876.0,3.0,log
917,917.0,463.0,1.0,30.0,1.0,1128.0,1026.0,455.0,456.0,5.0,log
918,918.0,463.0,0.0,0.0,0.0,0.0,1089.0,1955.0,1956.0,5.0,log
919,919.0,464.0,1.0,845.0,0.0,0.0,1143.0,352.0,353.0,6.0,log
920,920.0,464.0,0.0,0.0,0.0,0.0,1879.0,1873.0,1874.0,9.0,log
921,921.0,464.0,0.0,0.0,0.0,0.0,512.0,1666.0,1667.0,6.0,log
922,922.0,465.0,1.0,1492.0,0.0,0.0,1279.0,434.0,435.0,5.0,log
923,923.0,465.0,0.0,0.0,0.0,0.0,687.0,1623.0,1624.0,6.0,log
924,924.0,465.0,0.0,0.0,0.0,0.0,715.0,438.0,439.0,6.0,log
925,925.0,466.0,1.0,709.0,0.0,0.0,1927.0,1220.0,1221.0,5.0,log
926,926.0,466.0,1.0,100.0,1.0,888.0,124.0,1404.0,1405.0,8.0,log
927,927.0,467.0,1.0,923.0,0.0,0.0,209.0,867.0,868.0,4.0,log
928,928.0,468.0,1.0,1443.0,0.0,0.0,1277.0,384.0,385.0,6.0,log
929,929.0,469.0,1.0,299.0,0.0,0.0,479.0,283.0,284.0,7.0,log
930,930.0,469.0,0.0,0.0,0.0,0.0,89.0,208.0,209.0,5.0,log
931,931.0,469.0,1.0,823.0,1.0,931.0,1522.0,208.0,209.0,5.0,log
932,932.0,469.0,0.0,0.0,0.0,0.0,1177.0,1029.0,1030.0,7.0,log
933,933.0,468.0,0.0,0.0,1.0,715.0,553.0,203.0,204.0,6.0,log
934,934.0,468.0,0.0,0.0,0.0,0.0,1041.0,1395.0,1396.0,4.0,log
935,935.0,469.0,1.0,147.0,0.0,0.0,95.0,1620.0,1621.0,6.0,log
936,936.0,468.0,0.0,0.0,1.0,530.0,1556.0,146.0,147.0,6.0,log
937,937.0,468.0,0.0,0.0,0.0,0.0,738.0,522.0,523.0,6.0,log
938,938.0,468.0,1.0,1361.0,1.0,1426.0,271.0,748.0,749.0,6.0,log
939,939.0,468.0,0.0,0.0,0.0,0.0,284.0,304.0,305.0,3.0,log
940,940.0,468.0,0.0,0.0,0.0,0.0,1043.0,748.0,749.0,6.0,log
941,941.0,469.0,1.0,888.0,0.0,0.0,1221.0,727.0,728.0,4.0,log
942,942.0,469.0,1.0,890.0,1.0,81.0,1677.0,1404.0,1405.0,7.0,log
943,943.0,470.0,1.0,1595.0,0.0,0.0,1556.0,311.0,312.0,4.0,log
944,944.0,471.0,1.0,771.0,0.0,0.0,389.0,2004.0,2005.0,4.0,log
945,945.0,471.0,1.0,1942.0,1.0,471.0,598.0,1145.0,1146.0,4.0,log
946,946.0,472.0,1.0,227.0,0.0,0.0,8.0,1440.0,1441.0,7.0,log
947,947.0,473.0,1.0,927.0,0.0,0.0,1471.0,1763.0,1764.0,6.0,log
948,948.0,474.0,1.0,2012.0,0.0,0.0,607.0,1498.0,1499.0,7.0,log
949,949.0,474.0,0.0,0.0,0.0,0.0,1815.0,674.0,675.0,4.0,log
950,950.0,474.0,0.0,0.0,0.0,0.0,1206.0,1826.0,1827.0,4.0,log
951,951.0,475.0,1.0,1610.0,0.0,0.0,1405.0,1542.0,1543.0,5.0,log
952,952.0,476.0,1.0,1412.0,0.0,0.0,1097.0,1527.0,1528.0,6.0,log
953,953.0,475.0,0.0,0.0,1.0,1950.0,808.0,179.0,180.0,4.0,log
954,954.0,475.0,0.0,0.0,0.0,0.0,296.0,1554.0,1555.0,5.0,log
955,955.0,475.0,0.0,0.0,0.0,0.0,755.0,421.0,422.0,7.0,log
956,956.0,475.0,1.0,1606.0,1.0,1935.0,607.0,268.0,269.0,6.0,log
957,957.0,476.0,1.0,42.0,0.0,0.0,1152.0,797.0,798.0,5.0,log
958,958.0,477.0,1.0,1887.0,0.0,0.0,1054.0,1880.0,1881.0,6.0,log
959,959.0,478.0,1.0,1907.0,0.0,0.0,1044.0,319.0,320.0,6.0,log
960,960.0,479.0,1.0,2016.0,0.0,0.0,235.0,112.0,113.0,7.0,log
961,961.0,480.0,1.0,1413.0,0.0,0.0,1620.0,342.0,343.0,6.0,log
962,962.0,481.0,1.0,672.0,0.0,0.0,385.0,1913.0,1914.0,6.0,log
963,963.0,482.0,1.0,1632.0,0.0,0.0,809.0,1655.0,1656.0,7.0,log
964,964.0,483.0,1.0,860.0,0.0,0.0,1028.0,867.0,868.0,6.0,log
965,965.0,483.0,0.0,0.0,0.0,0.0,1803.0,1688.0,1689.0,6.0,log
966,966.0,484.0,1.0,987.0,0.0,0.0,387.0,678.0,679.0,5.0,log
967,967.0,484.0,0.0,0.0,0.0,0.0,243.0,618.0,619.0,6.0,log
968,968.0,485.0,1.0,5.0,0.0,0.0,766.0,1844.0,1845.0,4.0,log
969,969.0,486.0,1.0,328.0,0.0,0.0,139.0,1008.0,1009.0,6.0,log
970,970.0,487.0,1.0,822.0,0.0,0.0,487.0,606.0,607.0,5.0,log
971,971.0,487.0,0.0,0.0,0.0,0.0,771.0,765.0,766.0,8.0,log
972,972.0,488.0,1.0,1771.0,0.0,0.0,1853.0,598.0,599.0,4.0,log
973,973.0,488.0,1.0,1692.0,1.0,1761.0,198.0,1666.0,1667.0,6.0,log
974,974.0,488.0,0.0,0.0,0.0,0.0,223.0,1168.0,1169.0,6.0,log
975,975.0,488.0,1.0,1750.0,1.0,1000.0,557.0,1511.0,1512.0,6.0,log
976,976.0,488.0,0.0,0.0,0.0,0.0,868.0,289.0,290.0,6.0,log
977,977.0,489.0,1.0,96.0,0.0,0.0,1771.0,2034.0,2035.0,3.0,log
978,978.0,489.0,0.0,0.0,0.0,0.0,2009.0,179.0,180.0,4.0,log
979,979.0,489.0,1.0,489.0,1.0,385.0,1413.0,185.0,186.0,5.0,log
980,980.0,490.0,1.0,421.0,0.0,0.0,563.0,541.0,542.0,8.0,log
981,981.0,490.0,1.0,847.0,1.0,1347.0,503.0,152.0,153.0,6.0,log
982,982.0,491.0,1.0,107.0,0.0,0.0,1647.0,217.0,218.0,5.0,log
983,983.0,492.0,1.0,1842.0,0.0,0.0,243.0,990.0,991.0,5.0,log
984,984.0,492.0,0.0,0.0,0.0,0.0,602.0,499.0,500.0,7.0,log
985,985.0,492.0,0.0,0.0,0.0,0.0,435.0,708.0,709.0,3.0,log
986,986.0,493.0,1.0,799.0,0.0,0.0,1175.0,1968.0,1969.0,4.0,log
987,987.0,493.0,0.0,0.0,0.0,0.0,640.0,556.0,557.0,6.0,log
988,988.0,494.0,1.0,1404.0,0.0,0.0,445.0,1858.0,1859.0,8.0,log
989,989.0,495.0,1.0,1407.0,0.0,0.0,1692.0,1227.0,1228.0,5.0,log
990,990.0,496.0,1.0,249.0,0.0,0.0,424.0,266.0,267.0,7.0,log
991,991.0,496.0,0.0,0.0,0.0,0.0,1964.0,768.0,769.0,5.0,log
992,992.0,497.0,1.0,570.0,0.0,0.0,509.0,994.0,995.0,6.0,log
993,993.0,498.0,1.0,1257.0,0.0,0.0,1452.0,17.0,18.0,6.0,log
994,994.0,498.0,0.0,0.0,0.0,0.0,1161.0,1321.0,1322.0,3.0,log
995,995.0,497.0,0.0,0.0,1.0,34.0,204.0,1806.0,1807.0,7.0,log
996,996.0,497.0,0.0,0.0,0.0,0.0,1827.0,345.0,346.0,5.0,log
997,997.0,498.0,1.0,1383.0,0.0,0.0,1167.0,866.0,867.0,6.0,log
998,998.0,498.0,1.0,1538.0,1.0,890.0,710.0,123.0,124.0,6.0,log
999,999.0,498.0,0.0,0.0,0.0,0.0,1048.0,1614.0,1615.0,6.0,log
